profile_id,profile_type,bank_id,file_name,file_type,relative_path,upload_order,extraction_goal,expected_fields,document_quality,degradation_tags
user_001,user,bank_001,profile.json,json,users/user_001/profile.json,1,seed_profile,"identity,contact,login",clean,
user_001,user,bank_001,identity_card.pdf,pdf,users/user_001/identity_card.pdf,2,ocr_identity,"full_name,niu,date_of_birth,address",clean,
user_001,user,bank_001,proof_of_address.pdf,pdf,users/user_001/proof_of_address.pdf,3,address_validation,"address,city,region",clean,
user_001,user,bank_001,bank_statement.pdf,pdf,users/user_001/bank_statement.pdf,4,statement_parsing,"credits,debits,balance",dirty,"alt_headers,copy_stamp,layout_shift"
user_001,user,bank_001,income_expenses.xlsx,xlsx,users/user_001/income_expenses.xlsx,5,income_expense_excel,"income,expense,closing_balance",dirty,"preamble_rows,blank_rows,mixed_amount_style"
user_001,user,bank_001,ocr_scan.png,png,users/user_001/ocr_scan.png,6,ocr_image,"niu,address,phone",dirty,"blur,tilt,low_contrast,scanner_shadow,noise"
user_001,user,bank_001,asset_declaration.pdf,pdf,users/user_001/asset_declaration.pdf,7,asset_proof_pdf,"asset_type,estimated_value,ownership",clean,
user_001,user,bank_001,asset_inventory.xlsx,xlsx,users/user_001/asset_inventory.xlsx,8,asset_inventory_excel,"asset_type,estimated_value,proof_mode",clean,
user_001,user,bank_001,employment_certificate.pdf,pdf,users/user_001/employment_certificate.pdf,9,supporting_document,employment_certificate,clean,
user_002,user,bank_001,profile.json,json,users/user_002/profile.json,1,seed_profile,"identity,contact,login",clean,
user_002,user,bank_001,identity_card.pdf,pdf,users/user_002/identity_card.pdf,2,ocr_identity,"full_name,niu,date_of_birth,address",clean,
user_002,user,bank_001,proof_of_address.pdf,pdf,users/user_002/proof_of_address.pdf,3,address_validation,"address,city,region",clean,
user_002,user,bank_001,bank_statement.pdf,pdf,users/user_002/bank_statement.pdf,4,statement_parsing,"credits,debits,balance",dirty,"alt_headers,copy_stamp,layout_shift"
user_002,user,bank_001,income_expenses.xlsx,xlsx,users/user_002/income_expenses.xlsx,5,income_expense_excel,"income,expense,closing_balance",dirty,"preamble_rows,blank_rows,mixed_amount_style"
user_002,user,bank_001,ocr_scan.png,png,users/user_002/ocr_scan.png,6,ocr_image,"niu,address,phone",dirty,"blur,tilt,low_contrast,scanner_shadow,noise"
user_002,user,bank_001,asset_declaration.pdf,pdf,users/user_002/asset_declaration.pdf,7,asset_proof_pdf,"asset_type,estimated_value,ownership",clean,
user_002,user,bank_001,asset_inventory.xlsx,xlsx,users/user_002/asset_inventory.xlsx,8,asset_inventory_excel,"asset_type,estimated_value,proof_mode",clean,
user_003,user,bank_002,profile.json,json,users/user_003/profile.json,1,seed_profile,"identity,contact,login",clean,
user_003,user,bank_002,identity_card.pdf,pdf,users/user_003/identity_card.pdf,2,ocr_identity,"full_name,niu,date_of_birth,address",clean,
user_003,user,bank_002,proof_of_address.pdf,pdf,users/user_003/proof_of_address.pdf,3,address_validation,"address,city,region",clean,
user_003,user,bank_002,bank_statement.pdf,pdf,users/user_003/bank_statement.pdf,4,statement_parsing,"credits,debits,balance",clean,
user_003,user,bank_002,income_expenses.xlsx,xlsx,users/user_003/income_expenses.xlsx,5,income_expense_excel,"income,expense,closing_balance",clean,
user_003,user,bank_002,ocr_scan.png,png,users/user_003/ocr_scan.png,6,ocr_image,"niu,address,phone",clean,
user_003,user,bank_002,asset_declaration.pdf,pdf,users/user_003/asset_declaration.pdf,7,asset_proof_pdf,"asset_type,estimated_value,ownership",clean,
user_003,user,bank_002,asset_inventory.xlsx,xlsx,users/user_003/asset_inventory.xlsx,8,asset_inventory_excel,"asset_type,estimated_value,proof_mode",clean,
user_003,user,bank_002,employment_certificate.pdf,pdf,users/user_003/employment_certificate.pdf,9,supporting_document,employment_certificate,clean,
user_003,user,bank_002,budget_note.pdf,pdf,users/user_003/budget_note.pdf,10,supporting_document,budget_note,clean,
user_004,user,bank_001,profile.json,json,users/user_004/profile.json,1,seed_profile,"identity,contact,login",clean,
user_004,user,bank_001,identity_card.pdf,pdf,users/user_004/identity_card.pdf,2,ocr_identity,"full_name,niu,date_of_birth,address",clean,
user_004,user,bank_001,proof_of_address.pdf,pdf,users/user_004/proof_of_address.pdf,3,address_validation,"address,city,region",clean,
user_004,user,bank_001,bank_statement.pdf,pdf,users/user_004/bank_statement.pdf,4,statement_parsing,"credits,debits,balance",clean,
user_004,user,bank_001,income_expenses.xlsx,xlsx,users/user_004/income_expenses.xlsx,5,income_expense_excel,"income,expense,closing_balance",clean,
user_004,user,bank_001,ocr_scan.png,png,users/user_004/ocr_scan.png,6,ocr_image,"niu,address,phone",clean,
user_004,user,bank_001,asset_declaration.pdf,pdf,users/user_004/asset_declaration.pdf,7,asset_proof_pdf,"asset_type,estimated_value,ownership",clean,
user_004,user,bank_001,asset_inventory.xlsx,xlsx,users/user_004/asset_inventory.xlsx,8,asset_inventory_excel,"asset_type,estimated_value,proof_mode",clean,
user_004,user,bank_001,employment_certificate.pdf,pdf,users/user_004/employment_certificate.pdf,9,supporting_document,employment_certificate,clean,
user_004,user,bank_001,budget_note.pdf,pdf,users/user_004/budget_note.pdf,10,supporting_document,budget_note,clean,
user_005,user,bank_001,profile.json,json,users/user_005/profile.json,1,seed_profile,"identity,contact,login",clean,
user_005,user,bank_001,identity_card.pdf,pdf,users/user_005/identity_card.pdf,2,ocr_identity,"full_name,niu,date_of_birth,address",clean,
user_005,user,bank_001,proof_of_address.pdf,pdf,users/user_005/proof_of_address.pdf,3,address_validation,"address,city,region",clean,
user_005,user,bank_001,bank_statement.pdf,pdf,users/user_005/bank_statement.pdf,4,statement_parsing,"credits,debits,balance",dirty,"alt_headers,copy_stamp,layout_shift"
user_005,user,bank_001,income_expenses.xlsx,xlsx,users/user_005/income_expenses.xlsx,5,income_expense_excel,"income,expense,closing_balance",dirty,"preamble_rows,blank_rows,mixed_amount_style"
user_005,user,bank_001,ocr_scan.png,png,users/user_005/ocr_scan.png,6,ocr_image,"niu,address,phone",dirty,"blur,tilt,low_contrast,scanner_shadow,noise"
user_005,user,bank_001,asset_declaration.pdf,pdf,users/user_005/asset_declaration.pdf,7,asset_proof_pdf,"asset_type,estimated_value,ownership",clean,
user_005,user,bank_001,asset_inventory.xlsx,xlsx,users/user_005/asset_inventory.xlsx,8,asset_inventory_excel,"asset_type,estimated_value,proof_mode",clean,
user_005,user,bank_001,employment_certificate.pdf,pdf,users/user_005/employment_certificate.pdf,9,supporting_document,employment_certificate,clean,
user_005,user,bank_001,budget_note.pdf,pdf,users/user_005/budget_note.pdf,10,supporting_document,budget_note,clean,
user_006,user,bank_002,profile.json,json,users/user_006/profile.json,1,seed_profile,"identity,contact,login",clean,
user_006,user,bank_002,identity_card.pdf,pdf,users/user_006/identity_card.pdf,2,ocr_identity,"full_name,niu,date_of_birth,address",clean,
user_006,user,bank_002,proof_of_address.pdf,pdf,users/user_006/proof_of_address.pdf,3,address_validation,"address,city,region",clean,
user_006,user,bank_002,bank_statement.pdf,pdf,users/user_006/bank_statement.pdf,4,statement_parsing,"credits,debits,balance",clean,
user_006,user,bank_002,income_expenses.xlsx,xlsx,users/user_006/income_expenses.xlsx,5,income_expense_excel,"income,expense,closing_balance",clean,
user_006,user,bank_002,ocr_scan.png,png,users/user_006/ocr_scan.png,6,ocr_image,"niu,address,phone",clean,
user_006,user,bank_002,asset_declaration.pdf,pdf,users/user_006/asset_declaration.pdf,7,asset_proof_pdf,"asset_type,estimated_value,ownership",clean,
user_006,user,bank_002,asset_inventory.xlsx,xlsx,users/user_006/asset_inventory.xlsx,8,asset_inventory_excel,"asset_type,estimated_value,proof_mode",clean,
user_006,user,bank_002,employment_certificate.pdf,pdf,users/user_006/employment_certificate.pdf,9,supporting_document,employment_certificate,clean,
user_006,user,bank_002,budget_note.pdf,pdf,users/user_006/budget_note.pdf,10,supporting_document,budget_note,clean,
user_007,user,bank_001,profile.json,json,users/user_007/profile.json,1,seed_profile,"identity,contact,login",clean,
user_007,user,bank_001,identity_card.pdf,pdf,users/user_007/identity_card.pdf,2,ocr_identity,"full_name,niu,date_of_birth,address",clean,
user_007,user,bank_001,proof_of_address.pdf,pdf,users/user_007/proof_of_address.pdf,3,address_validation,"address,city,region",clean,
user_007,user,bank_001,bank_statement.pdf,pdf,users/user_007/bank_statement.pdf,4,statement_parsing,"credits,debits,balance",dirty,"alt_headers,copy_stamp,layout_shift"
user_007,user,bank_001,income_expenses.xlsx,xlsx,users/user_007/income_expenses.xlsx,5,income_expense_excel,"income,expense,closing_balance",dirty,"preamble_rows,blank_rows,mixed_amount_style"
user_007,user,bank_001,ocr_scan.png,png,users/user_007/ocr_scan.png,6,ocr_image,"niu,address,phone",dirty,"blur,tilt,low_contrast,scanner_shadow,noise"
user_007,user,bank_001,asset_declaration.pdf,pdf,users/user_007/asset_declaration.pdf,7,asset_proof_pdf,"asset_type,estimated_value,ownership",clean,
user_007,user,bank_001,asset_inventory.xlsx,xlsx,users/user_007/asset_inventory.xlsx,8,asset_inventory_excel,"asset_type,estimated_value,proof_mode",clean,
user_007,user,bank_001,employment_certificate.pdf,pdf,users/user_007/employment_certificate.pdf,9,supporting_document,employment_certificate,clean,
user_008,user,bank_003,profile.json,json,users/user_008/profile.json,1,seed_profile,"identity,contact,login",clean,
user_008,user,bank_003,identity_card.pdf,pdf,users/user_008/identity_card.pdf,2,ocr_identity,"full_name,niu,date_of_birth,address",clean,
user_008,user,bank_003,proof_of_address.pdf,pdf,users/user_008/proof_of_address.pdf,3,address_validation,"address,city,region",clean,
user_008,user,bank_003,bank_statement.pdf,pdf,users/user_008/bank_statement.pdf,4,statement_parsing,"credits,debits,balance",clean,
user_008,user,bank_003,income_expenses.xlsx,xlsx,users/user_008/income_expenses.xlsx,5,income_expense_excel,"income,expense,closing_balance",clean,
user_008,user,bank_003,ocr_scan.png,png,users/user_008/ocr_scan.png,6,ocr_image,"niu,address,phone",clean,
user_008,user,bank_003,asset_declaration.pdf,pdf,users/user_008/asset_declaration.pdf,7,asset_proof_pdf,"asset_type,estimated_value,ownership",clean,
user_008,user,bank_003,asset_inventory.xlsx,xlsx,users/user_008/asset_inventory.xlsx,8,asset_inventory_excel,"asset_type,estimated_value,proof_mode",clean,
user_008,user,bank_003,employment_certificate.pdf,pdf,users/user_008/employment_certificate.pdf,9,supporting_document,employment_certificate,clean,
user_008,user,bank_003,budget_note.pdf,pdf,users/user_008/budget_note.pdf,10,supporting_document,budget_note,clean,
user_009,user,bank_002,profile.json,json,users/user_009/profile.json,1,seed_profile,"identity,contact,login",clean,
user_009,user,bank_002,identity_card.pdf,pdf,users/user_009/identity_card.pdf,2,ocr_identity,"full_name,niu,date_of_birth,address",clean,
user_009,user,bank_002,proof_of_address.pdf,pdf,users/user_009/proof_of_address.pdf,3,address_validation,"address,city,region",clean,
user_009,user,bank_002,bank_statement.pdf,pdf,users/user_009/bank_statement.pdf,4,statement_parsing,"credits,debits,balance",dirty,"alt_headers,copy_stamp,layout_shift"
user_009,user,bank_002,income_expenses.xlsx,xlsx,users/user_009/income_expenses.xlsx,5,income_expense_excel,"income,expense,closing_balance",dirty,"preamble_rows,blank_rows,mixed_amount_style"
user_009,user,bank_002,ocr_scan.png,png,users/user_009/ocr_scan.png,6,ocr_image,"niu,address,phone",dirty,"blur,tilt,low_contrast,scanner_shadow,noise"
user_009,user,bank_002,asset_declaration.pdf,pdf,users/user_009/asset_declaration.pdf,7,asset_proof_pdf,"asset_type,estimated_value,ownership",clean,
user_009,user,bank_002,asset_inventory.xlsx,xlsx,users/user_009/asset_inventory.xlsx,8,asset_inventory_excel,"asset_type,estimated_value,proof_mode",clean,
user_009,user,bank_002,employment_certificate.pdf,pdf,users/user_009/employment_certificate.pdf,9,supporting_document,employment_certificate,clean,
user_010,user,bank_003,profile.json,json,users/user_010/profile.json,1,seed_profile,"identity,contact,login",clean,
user_010,user,bank_003,identity_card.pdf,pdf,users/user_010/identity_card.pdf,2,ocr_identity,"full_name,niu,date_of_birth,address",clean,
user_010,user,bank_003,proof_of_address.pdf,pdf,users/user_010/proof_of_address.pdf,3,address_validation,"address,city,region",clean,
user_010,user,bank_003,bank_statement.pdf,pdf,users/user_010/bank_statement.pdf,4,statement_parsing,"credits,debits,balance",dirty,"alt_headers,copy_stamp,layout_shift"
user_010,user,bank_003,income_expenses.xlsx,xlsx,users/user_010/income_expenses.xlsx,5,income_expense_excel,"income,expense,closing_balance",dirty,"preamble_rows,blank_rows,mixed_amount_style"
user_010,user,bank_003,ocr_scan.png,png,users/user_010/ocr_scan.png,6,ocr_image,"niu,address,phone",dirty,"blur,tilt,low_contrast,scanner_shadow,noise"
user_010,user,bank_003,asset_declaration.pdf,pdf,users/user_010/asset_declaration.pdf,7,asset_proof_pdf,"asset_type,estimated_value,ownership",clean,
user_010,user,bank_003,asset_inventory.xlsx,xlsx,users/user_010/asset_inventory.xlsx,8,asset_inventory_excel,"asset_type,estimated_value,proof_mode",clean,
user_010,user,bank_003,employment_certificate.pdf,pdf,users/user_010/employment_certificate.pdf,9,supporting_document,employment_certificate,clean,
user_010,user,bank_003,budget_note.pdf,pdf,users/user_010/budget_note.pdf,10,supporting_document,budget_note,clean,
user_011,user,bank_002,profile.json,json,users/user_011/profile.json,1,seed_profile,"identity,contact,login",clean,
user_011,user,bank_002,identity_card.pdf,pdf,users/user_011/identity_card.pdf,2,ocr_identity,"full_name,niu,date_of_birth,address",clean,
user_011,user,bank_002,proof_of_address.pdf,pdf,users/user_011/proof_of_address.pdf,3,address_validation,"address,city,region",clean,
user_011,user,bank_002,bank_statement.pdf,pdf,users/user_011/bank_statement.pdf,4,statement_parsing,"credits,debits,balance",dirty,"alt_headers,copy_stamp,layout_shift"
user_011,user,bank_002,income_expenses.xlsx,xlsx,users/user_011/income_expenses.xlsx,5,income_expense_excel,"income,expense,closing_balance",dirty,"preamble_rows,blank_rows,mixed_amount_style"
user_011,user,bank_002,ocr_scan.png,png,users/user_011/ocr_scan.png,6,ocr_image,"niu,address,phone",dirty,"blur,tilt,low_contrast,scanner_shadow,noise"
user_011,user,bank_002,asset_declaration.pdf,pdf,users/user_011/asset_declaration.pdf,7,asset_proof_pdf,"asset_type,estimated_value,ownership",clean,
user_011,user,bank_002,asset_inventory.xlsx,xlsx,users/user_011/asset_inventory.xlsx,8,asset_inventory_excel,"asset_type,estimated_value,proof_mode",clean,
user_011,user,bank_002,employment_certificate.pdf,pdf,users/user_011/employment_certificate.pdf,9,supporting_document,employment_certificate,clean,
user_012,user,bank_003,profile.json,json,users/user_012/profile.json,1,seed_profile,"identity,contact,login",clean,
user_012,user,bank_003,identity_card.pdf,pdf,users/user_012/identity_card.pdf,2,ocr_identity,"full_name,niu,date_of_birth,address",clean,
user_012,user,bank_003,proof_of_address.pdf,pdf,users/user_012/proof_of_address.pdf,3,address_validation,"address,city,region",clean,
user_012,user,bank_003,bank_statement.pdf,pdf,users/user_012/bank_statement.pdf,4,statement_parsing,"credits,debits,balance",dirty,"alt_headers,copy_stamp,layout_shift"
user_012,user,bank_003,income_expenses.xlsx,xlsx,users/user_012/income_expenses.xlsx,5,income_expense_excel,"income,expense,closing_balance",dirty,"preamble_rows,blank_rows,mixed_amount_style"
user_012,user,bank_003,ocr_scan.png,png,users/user_012/ocr_scan.png,6,ocr_image,"niu,address,phone",dirty,"blur,tilt,low_contrast,scanner_shadow,noise"
user_012,user,bank_003,asset_declaration.pdf,pdf,users/user_012/asset_declaration.pdf,7,asset_proof_pdf,"asset_type,estimated_value,ownership",clean,
user_012,user,bank_003,asset_inventory.xlsx,xlsx,users/user_012/asset_inventory.xlsx,8,asset_inventory_excel,"asset_type,estimated_value,proof_mode",clean,
user_012,user,bank_003,employment_certificate.pdf,pdf,users/user_012/employment_certificate.pdf,9,supporting_document,employment_certificate,clean,
user_012,user,bank_003,budget_note.pdf,pdf,users/user_012/budget_note.pdf,10,supporting_document,budget_note,clean,
user_013,user,bank_003,profile.json,json,users/user_013/profile.json,1,seed_profile,"identity,contact,login",clean,
user_013,user,bank_003,identity_card.pdf,pdf,users/user_013/identity_card.pdf,2,ocr_identity,"full_name,niu,date_of_birth,address",clean,
user_013,user,bank_003,proof_of_address.pdf,pdf,users/user_013/proof_of_address.pdf,3,address_validation,"address,city,region",clean,
user_013,user,bank_003,bank_statement.pdf,pdf,users/user_013/bank_statement.pdf,4,statement_parsing,"credits,debits,balance",clean,
user_013,user,bank_003,income_expenses.xlsx,xlsx,users/user_013/income_expenses.xlsx,5,income_expense_excel,"income,expense,closing_balance",clean,
user_013,user,bank_003,ocr_scan.png,png,users/user_013/ocr_scan.png,6,ocr_image,"niu,address,phone",clean,
user_013,user,bank_003,asset_declaration.pdf,pdf,users/user_013/asset_declaration.pdf,7,asset_proof_pdf,"asset_type,estimated_value,ownership",clean,
user_013,user,bank_003,asset_inventory.xlsx,xlsx,users/user_013/asset_inventory.xlsx,8,asset_inventory_excel,"asset_type,estimated_value,proof_mode",clean,
user_013,user,bank_003,employment_certificate.pdf,pdf,users/user_013/employment_certificate.pdf,9,supporting_document,employment_certificate,clean,
user_013,user,bank_003,budget_note.pdf,pdf,users/user_013/budget_note.pdf,10,supporting_document,budget_note,clean,
user_014,user,bank_002,profile.json,json,users/user_014/profile.json,1,seed_profile,"identity,contact,login",clean,
user_014,user,bank_002,identity_card.pdf,pdf,users/user_014/identity_card.pdf,2,ocr_identity,"full_name,niu,date_of_birth,address",clean,
user_014,user,bank_002,proof_of_address.pdf,pdf,users/user_014/proof_of_address.pdf,3,address_validation,"address,city,region",clean,
user_014,user,bank_002,bank_statement.pdf,pdf,users/user_014/bank_statement.pdf,4,statement_parsing,"credits,debits,balance",clean,
user_014,user,bank_002,income_expenses.xlsx,xlsx,users/user_014/income_expenses.xlsx,5,income_expense_excel,"income,expense,closing_balance",clean,
user_014,user,bank_002,ocr_scan.png,png,users/user_014/ocr_scan.png,6,ocr_image,"niu,address,phone",clean,
user_014,user,bank_002,asset_declaration.pdf,pdf,users/user_014/asset_declaration.pdf,7,asset_proof_pdf,"asset_type,estimated_value,ownership",clean,
user_014,user,bank_002,asset_inventory.xlsx,xlsx,users/user_014/asset_inventory.xlsx,8,asset_inventory_excel,"asset_type,estimated_value,proof_mode",clean,
user_014,user,bank_002,employment_certificate.pdf,pdf,users/user_014/employment_certificate.pdf,9,supporting_document,employment_certificate,clean,
user_014,user,bank_002,budget_note.pdf,pdf,users/user_014/budget_note.pdf,10,supporting_document,budget_note,clean,
user_015,user,bank_001,profile.json,json,users/user_015/profile.json,1,seed_profile,"identity,contact,login",clean,
user_015,user,bank_001,identity_card.pdf,pdf,users/user_015/identity_card.pdf,2,ocr_identity,"full_name,niu,date_of_birth,address",clean,
user_015,user,bank_001,proof_of_address.pdf,pdf,users/user_015/proof_of_address.pdf,3,address_validation,"address,city,region",clean,
user_015,user,bank_001,bank_statement.pdf,pdf,users/user_015/bank_statement.pdf,4,statement_parsing,"credits,debits,balance",clean,
user_015,user,bank_001,income_expenses.xlsx,xlsx,users/user_015/income_expenses.xlsx,5,income_expense_excel,"income,expense,closing_balance",clean,
user_015,user,bank_001,ocr_scan.png,png,users/user_015/ocr_scan.png,6,ocr_image,"niu,address,phone",clean,
user_015,user,bank_001,asset_declaration.pdf,pdf,users/user_015/asset_declaration.pdf,7,asset_proof_pdf,"asset_type,estimated_value,ownership",clean,
user_015,user,bank_001,asset_inventory.xlsx,xlsx,users/user_015/asset_inventory.xlsx,8,asset_inventory_excel,"asset_type,estimated_value,proof_mode",clean,
user_015,user,bank_001,employment_certificate.pdf,pdf,users/user_015/employment_certificate.pdf,9,supporting_document,employment_certificate,clean,
user_015,user,bank_001,budget_note.pdf,pdf,users/user_015/budget_note.pdf,10,supporting_document,budget_note,clean,
user_016,user,bank_003,profile.json,json,users/user_016/profile.json,1,seed_profile,"identity,contact,login",clean,
user_016,user,bank_003,identity_card.pdf,pdf,users/user_016/identity_card.pdf,2,ocr_identity,"full_name,niu,date_of_birth,address",clean,
user_016,user,bank_003,proof_of_address.pdf,pdf,users/user_016/proof_of_address.pdf,3,address_validation,"address,city,region",clean,
user_016,user,bank_003,bank_statement.pdf,pdf,users/user_016/bank_statement.pdf,4,statement_parsing,"credits,debits,balance",dirty,"alt_headers,copy_stamp,layout_shift"
user_016,user,bank_003,income_expenses.xlsx,xlsx,users/user_016/income_expenses.xlsx,5,income_expense_excel,"income,expense,closing_balance",dirty,"preamble_rows,blank_rows,mixed_amount_style"
user_016,user,bank_003,ocr_scan.png,png,users/user_016/ocr_scan.png,6,ocr_image,"niu,address,phone",dirty,"blur,tilt,low_contrast,scanner_shadow,noise"
user_016,user,bank_003,asset_declaration.pdf,pdf,users/user_016/asset_declaration.pdf,7,asset_proof_pdf,"asset_type,estimated_value,ownership",clean,
user_016,user,bank_003,asset_inventory.xlsx,xlsx,users/user_016/asset_inventory.xlsx,8,asset_inventory_excel,"asset_type,estimated_value,proof_mode",clean,
user_017,user,bank_003,profile.json,json,users/user_017/profile.json,1,seed_profile,"identity,contact,login",clean,
user_017,user,bank_003,identity_card.pdf,pdf,users/user_017/identity_card.pdf,2,ocr_identity,"full_name,niu,date_of_birth,address",clean,
user_017,user,bank_003,proof_of_address.pdf,pdf,users/user_017/proof_of_address.pdf,3,address_validation,"address,city,region",clean,
user_017,user,bank_003,bank_statement.pdf,pdf,users/user_017/bank_statement.pdf,4,statement_parsing,"credits,debits,balance",clean,
user_017,user,bank_003,income_expenses.xlsx,xlsx,users/user_017/income_expenses.xlsx,5,income_expense_excel,"income,expense,closing_balance",clean,
user_017,user,bank_003,ocr_scan.png,png,users/user_017/ocr_scan.png,6,ocr_image,"niu,address,phone",clean,
user_017,user,bank_003,asset_declaration.pdf,pdf,users/user_017/asset_declaration.pdf,7,asset_proof_pdf,"asset_type,estimated_value,ownership",clean,
user_017,user,bank_003,asset_inventory.xlsx,xlsx,users/user_017/asset_inventory.xlsx,8,asset_inventory_excel,"asset_type,estimated_value,proof_mode",clean,
user_017,user,bank_003,employment_certificate.pdf,pdf,users/user_017/employment_certificate.pdf,9,supporting_document,employment_certificate,clean,
user_017,user,bank_003,budget_note.pdf,pdf,users/user_017/budget_note.pdf,10,supporting_document,budget_note,clean,
user_018,user,bank_002,profile.json,json,users/user_018/profile.json,1,seed_profile,"identity,contact,login",clean,
user_018,user,bank_002,identity_card.pdf,pdf,users/user_018/identity_card.pdf,2,ocr_identity,"full_name,niu,date_of_birth,address",clean,
user_018,user,bank_002,proof_of_address.pdf,pdf,users/user_018/proof_of_address.pdf,3,address_validation,"address,city,region",clean,
user_018,user,bank_002,bank_statement.pdf,pdf,users/user_018/bank_statement.pdf,4,statement_parsing,"credits,debits,balance",clean,
user_018,user,bank_002,income_expenses.xlsx,xlsx,users/user_018/income_expenses.xlsx,5,income_expense_excel,"income,expense,closing_balance",clean,
user_018,user,bank_002,ocr_scan.png,png,users/user_018/ocr_scan.png,6,ocr_image,"niu,address,phone",clean,
user_018,user,bank_002,asset_declaration.pdf,pdf,users/user_018/asset_declaration.pdf,7,asset_proof_pdf,"asset_type,estimated_value,ownership",clean,
user_018,user,bank_002,asset_inventory.xlsx,xlsx,users/user_018/asset_inventory.xlsx,8,asset_inventory_excel,"asset_type,estimated_value,proof_mode",clean,
user_018,user,bank_002,employment_certificate.pdf,pdf,users/user_018/employment_certificate.pdf,9,supporting_document,employment_certificate,clean,
user_018,user,bank_002,budget_note.pdf,pdf,users/user_018/budget_note.pdf,10,supporting_document,budget_note,clean,
user_019,user,bank_001,profile.json,json,users/user_019/profile.json,1,seed_profile,"identity,contact,login",clean,
user_019,user,bank_001,identity_card.pdf,pdf,users/user_019/identity_card.pdf,2,ocr_identity,"full_name,niu,date_of_birth,address",clean,
user_019,user,bank_001,proof_of_address.pdf,pdf,users/user_019/proof_of_address.pdf,3,address_validation,"address,city,region",clean,
user_019,user,bank_001,bank_statement.pdf,pdf,users/user_019/bank_statement.pdf,4,statement_parsing,"credits,debits,balance",clean,
user_019,user,bank_001,income_expenses.xlsx,xlsx,users/user_019/income_expenses.xlsx,5,income_expense_excel,"income,expense,closing_balance",clean,
user_019,user,bank_001,ocr_scan.png,png,users/user_019/ocr_scan.png,6,ocr_image,"niu,address,phone",clean,
user_019,user,bank_001,asset_declaration.pdf,pdf,users/user_019/asset_declaration.pdf,7,asset_proof_pdf,"asset_type,estimated_value,ownership",clean,
user_019,user,bank_001,asset_inventory.xlsx,xlsx,users/user_019/asset_inventory.xlsx,8,asset_inventory_excel,"asset_type,estimated_value,proof_mode",clean,
user_019,user,bank_001,employment_certificate.pdf,pdf,users/user_019/employment_certificate.pdf,9,supporting_document,employment_certificate,clean,
user_019,user,bank_001,budget_note.pdf,pdf,users/user_019/budget_note.pdf,10,supporting_document,budget_note,clean,
user_020,user,bank_001,profile.json,json,users/user_020/profile.json,1,seed_profile,"identity,contact,login",clean,
user_020,user,bank_001,identity_card.pdf,pdf,users/user_020/identity_card.pdf,2,ocr_identity,"full_name,niu,date_of_birth,address",clean,
user_020,user,bank_001,proof_of_address.pdf,pdf,users/user_020/proof_of_address.pdf,3,address_validation,"address,city,region",clean,
user_020,user,bank_001,bank_statement.pdf,pdf,users/user_020/bank_statement.pdf,4,statement_parsing,"credits,debits,balance",clean,
user_020,user,bank_001,income_expenses.xlsx,xlsx,users/user_020/income_expenses.xlsx,5,income_expense_excel,"income,expense,closing_balance",clean,
user_020,user,bank_001,ocr_scan.png,png,users/user_020/ocr_scan.png,6,ocr_image,"niu,address,phone",clean,
user_020,user,bank_001,asset_declaration.pdf,pdf,users/user_020/asset_declaration.pdf,7,asset_proof_pdf,"asset_type,estimated_value,ownership",clean,
user_020,user,bank_001,asset_inventory.xlsx,xlsx,users/user_020/asset_inventory.xlsx,8,asset_inventory_excel,"asset_type,estimated_value,proof_mode",clean,
user_020,user,bank_001,employment_certificate.pdf,pdf,users/user_020/employment_certificate.pdf,9,supporting_document,employment_certificate,clean,
user_020,user,bank_001,budget_note.pdf,pdf,users/user_020/budget_note.pdf,10,supporting_document,budget_note,clean,
user_021,user,bank_003,profile.json,json,users/user_021/profile.json,1,seed_profile,"identity,contact,login",clean,
user_021,user,bank_003,identity_card.pdf,pdf,users/user_021/identity_card.pdf,2,ocr_identity,"full_name,niu,date_of_birth,address",clean,
user_021,user,bank_003,proof_of_address.pdf,pdf,users/user_021/proof_of_address.pdf,3,address_validation,"address,city,region",clean,
user_021,user,bank_003,bank_statement.pdf,pdf,users/user_021/bank_statement.pdf,4,statement_parsing,"credits,debits,balance",dirty,"alt_headers,copy_stamp,layout_shift"
user_021,user,bank_003,income_expenses.xlsx,xlsx,users/user_021/income_expenses.xlsx,5,income_expense_excel,"income,expense,closing_balance",dirty,"preamble_rows,blank_rows,mixed_amount_style"
user_021,user,bank_003,ocr_scan.png,png,users/user_021/ocr_scan.png,6,ocr_image,"niu,address,phone",dirty,"blur,tilt,low_contrast,scanner_shadow,noise"
user_021,user,bank_003,asset_declaration.pdf,pdf,users/user_021/asset_declaration.pdf,7,asset_proof_pdf,"asset_type,estimated_value,ownership",clean,
user_021,user,bank_003,asset_inventory.xlsx,xlsx,users/user_021/asset_inventory.xlsx,8,asset_inventory_excel,"asset_type,estimated_value,proof_mode",clean,
user_021,user,bank_003,employment_certificate.pdf,pdf,users/user_021/employment_certificate.pdf,9,supporting_document,employment_certificate,clean,
user_022,user,bank_001,profile.json,json,users/user_022/profile.json,1,seed_profile,"identity,contact,login",clean,
user_022,user,bank_001,identity_card.pdf,pdf,users/user_022/identity_card.pdf,2,ocr_identity,"full_name,niu,date_of_birth,address",clean,
user_022,user,bank_001,proof_of_address.pdf,pdf,users/user_022/proof_of_address.pdf,3,address_validation,"address,city,region",clean,
user_022,user,bank_001,bank_statement.pdf,pdf,users/user_022/bank_statement.pdf,4,statement_parsing,"credits,debits,balance",dirty,"alt_headers,copy_stamp,layout_shift"
user_022,user,bank_001,income_expenses.xlsx,xlsx,users/user_022/income_expenses.xlsx,5,income_expense_excel,"income,expense,closing_balance",dirty,"preamble_rows,blank_rows,mixed_amount_style"
user_022,user,bank_001,ocr_scan.png,png,users/user_022/ocr_scan.png,6,ocr_image,"niu,address,phone",dirty,"blur,tilt,low_contrast,scanner_shadow,noise"
user_022,user,bank_001,asset_declaration.pdf,pdf,users/user_022/asset_declaration.pdf,7,asset_proof_pdf,"asset_type,estimated_value,ownership",clean,
user_022,user,bank_001,asset_inventory.xlsx,xlsx,users/user_022/asset_inventory.xlsx,8,asset_inventory_excel,"asset_type,estimated_value,proof_mode",clean,
user_022,user,bank_001,employment_certificate.pdf,pdf,users/user_022/employment_certificate.pdf,9,supporting_document,employment_certificate,clean,
user_022,user,bank_001,budget_note.pdf,pdf,users/user_022/budget_note.pdf,10,supporting_document,budget_note,clean,
user_023,user,bank_003,profile.json,json,users/user_023/profile.json,1,seed_profile,"identity,contact,login",clean,
user_023,user,bank_003,identity_card.pdf,pdf,users/user_023/identity_card.pdf,2,ocr_identity,"full_name,niu,date_of_birth,address",clean,
user_023,user,bank_003,proof_of_address.pdf,pdf,users/user_023/proof_of_address.pdf,3,address_validation,"address,city,region",clean,
user_023,user,bank_003,bank_statement.pdf,pdf,users/user_023/bank_statement.pdf,4,statement_parsing,"credits,debits,balance",clean,
user_023,user,bank_003,income_expenses.xlsx,xlsx,users/user_023/income_expenses.xlsx,5,income_expense_excel,"income,expense,closing_balance",clean,
user_023,user,bank_003,ocr_scan.png,png,users/user_023/ocr_scan.png,6,ocr_image,"niu,address,phone",clean,
user_023,user,bank_003,asset_declaration.pdf,pdf,users/user_023/asset_declaration.pdf,7,asset_proof_pdf,"asset_type,estimated_value,ownership",clean,
user_023,user,bank_003,asset_inventory.xlsx,xlsx,users/user_023/asset_inventory.xlsx,8,asset_inventory_excel,"asset_type,estimated_value,proof_mode",clean,
user_023,user,bank_003,employment_certificate.pdf,pdf,users/user_023/employment_certificate.pdf,9,supporting_document,employment_certificate,clean,
user_023,user,bank_003,budget_note.pdf,pdf,users/user_023/budget_note.pdf,10,supporting_document,budget_note,clean,
user_024,user,bank_003,profile.json,json,users/user_024/profile.json,1,seed_profile,"identity,contact,login",clean,
user_024,user,bank_003,identity_card.pdf,pdf,users/user_024/identity_card.pdf,2,ocr_identity,"full_name,niu,date_of_birth,address",clean,
user_024,user,bank_003,proof_of_address.pdf,pdf,users/user_024/proof_of_address.pdf,3,address_validation,"address,city,region",clean,
user_024,user,bank_003,bank_statement.pdf,pdf,users/user_024/bank_statement.pdf,4,statement_parsing,"credits,debits,balance",clean,
user_024,user,bank_003,income_expenses.xlsx,xlsx,users/user_024/income_expenses.xlsx,5,income_expense_excel,"income,expense,closing_balance",clean,
user_024,user,bank_003,ocr_scan.png,png,users/user_024/ocr_scan.png,6,ocr_image,"niu,address,phone",clean,
user_024,user,bank_003,asset_declaration.pdf,pdf,users/user_024/asset_declaration.pdf,7,asset_proof_pdf,"asset_type,estimated_value,ownership",clean,
user_024,user,bank_003,asset_inventory.xlsx,xlsx,users/user_024/asset_inventory.xlsx,8,asset_inventory_excel,"asset_type,estimated_value,proof_mode",clean,
user_024,user,bank_003,employment_certificate.pdf,pdf,users/user_024/employment_certificate.pdf,9,supporting_document,employment_certificate,clean,
user_024,user,bank_003,budget_note.pdf,pdf,users/user_024/budget_note.pdf,10,supporting_document,budget_note,clean,
user_025,user,bank_003,profile.json,json,users/user_025/profile.json,1,seed_profile,"identity,contact,login",clean,
user_025,user,bank_003,identity_card.pdf,pdf,users/user_025/identity_card.pdf,2,ocr_identity,"full_name,niu,date_of_birth,address",clean,
user_025,user,bank_003,proof_of_address.pdf,pdf,users/user_025/proof_of_address.pdf,3,address_validation,"address,city,region",clean,
user_025,user,bank_003,bank_statement.pdf,pdf,users/user_025/bank_statement.pdf,4,statement_parsing,"credits,debits,balance",dirty,"alt_headers,copy_stamp,layout_shift"
user_025,user,bank_003,income_expenses.xlsx,xlsx,users/user_025/income_expenses.xlsx,5,income_expense_excel,"income,expense,closing_balance",dirty,"preamble_rows,blank_rows,mixed_amount_style"
user_025,user,bank_003,ocr_scan.png,png,users/user_025/ocr_scan.png,6,ocr_image,"niu,address,phone",dirty,"blur,tilt,low_contrast,scanner_shadow,noise"
user_025,user,bank_003,asset_declaration.pdf,pdf,users/user_025/asset_declaration.pdf,7,asset_proof_pdf,"asset_type,estimated_value,ownership",clean,
user_025,user,bank_003,asset_inventory.xlsx,xlsx,users/user_025/asset_inventory.xlsx,8,asset_inventory_excel,"asset_type,estimated_value,proof_mode",clean,
user_026,user,bank_002,profile.json,json,users/user_026/profile.json,1,seed_profile,"identity,contact,login",clean,
user_026,user,bank_002,identity_card.pdf,pdf,users/user_026/identity_card.pdf,2,ocr_identity,"full_name,niu,date_of_birth,address",clean,
user_026,user,bank_002,proof_of_address.pdf,pdf,users/user_026/proof_of_address.pdf,3,address_validation,"address,city,region",clean,
user_026,user,bank_002,bank_statement.pdf,pdf,users/user_026/bank_statement.pdf,4,statement_parsing,"credits,debits,balance",clean,
user_026,user,bank_002,income_expenses.xlsx,xlsx,users/user_026/income_expenses.xlsx,5,income_expense_excel,"income,expense,closing_balance",clean,
user_026,user,bank_002,ocr_scan.png,png,users/user_026/ocr_scan.png,6,ocr_image,"niu,address,phone",clean,
user_026,user,bank_002,asset_declaration.pdf,pdf,users/user_026/asset_declaration.pdf,7,asset_proof_pdf,"asset_type,estimated_value,ownership",clean,
user_026,user,bank_002,asset_inventory.xlsx,xlsx,users/user_026/asset_inventory.xlsx,8,asset_inventory_excel,"asset_type,estimated_value,proof_mode",clean,
user_026,user,bank_002,employment_certificate.pdf,pdf,users/user_026/employment_certificate.pdf,9,supporting_document,employment_certificate,clean,
user_026,user,bank_002,budget_note.pdf,pdf,users/user_026/budget_note.pdf,10,supporting_document,budget_note,clean,
user_027,user,bank_002,profile.json,json,users/user_027/profile.json,1,seed_profile,"identity,contact,login",clean,
user_027,user,bank_002,identity_card.pdf,pdf,users/user_027/identity_card.pdf,2,ocr_identity,"full_name,niu,date_of_birth,address",clean,
user_027,user,bank_002,proof_of_address.pdf,pdf,users/user_027/proof_of_address.pdf,3,address_validation,"address,city,region",clean,
user_027,user,bank_002,bank_statement.pdf,pdf,users/user_027/bank_statement.pdf,4,statement_parsing,"credits,debits,balance",dirty,"alt_headers,copy_stamp,layout_shift"
user_027,user,bank_002,income_expenses.xlsx,xlsx,users/user_027/income_expenses.xlsx,5,income_expense_excel,"income,expense,closing_balance",dirty,"preamble_rows,blank_rows,mixed_amount_style"
user_027,user,bank_002,ocr_scan.png,png,users/user_027/ocr_scan.png,6,ocr_image,"niu,address,phone",dirty,"blur,tilt,low_contrast,scanner_shadow,noise"
user_027,user,bank_002,asset_declaration.pdf,pdf,users/user_027/asset_declaration.pdf,7,asset_proof_pdf,"asset_type,estimated_value,ownership",clean,
user_027,user,bank_002,asset_inventory.xlsx,xlsx,users/user_027/asset_inventory.xlsx,8,asset_inventory_excel,"asset_type,estimated_value,proof_mode",clean,
user_027,user,bank_002,employment_certificate.pdf,pdf,users/user_027/employment_certificate.pdf,9,supporting_document,employment_certificate,clean,
user_027,user,bank_002,budget_note.pdf,pdf,users/user_027/budget_note.pdf,10,supporting_document,budget_note,clean,
user_028,user,bank_002,profile.json,json,users/user_028/profile.json,1,seed_profile,"identity,contact,login",clean,
user_028,user,bank_002,identity_card.pdf,pdf,users/user_028/identity_card.pdf,2,ocr_identity,"full_name,niu,date_of_birth,address",clean,
user_028,user,bank_002,proof_of_address.pdf,pdf,users/user_028/proof_of_address.pdf,3,address_validation,"address,city,region",clean,
user_028,user,bank_002,bank_statement.pdf,pdf,users/user_028/bank_statement.pdf,4,statement_parsing,"credits,debits,balance",dirty,"alt_headers,copy_stamp,layout_shift"
user_028,user,bank_002,income_expenses.xlsx,xlsx,users/user_028/income_expenses.xlsx,5,income_expense_excel,"income,expense,closing_balance",dirty,"preamble_rows,blank_rows,mixed_amount_style"
user_028,user,bank_002,ocr_scan.png,png,users/user_028/ocr_scan.png,6,ocr_image,"niu,address,phone",dirty,"blur,tilt,low_contrast,scanner_shadow,noise"
user_028,user,bank_002,asset_declaration.pdf,pdf,users/user_028/asset_declaration.pdf,7,asset_proof_pdf,"asset_type,estimated_value,ownership",clean,
user_028,user,bank_002,asset_inventory.xlsx,xlsx,users/user_028/asset_inventory.xlsx,8,asset_inventory_excel,"asset_type,estimated_value,proof_mode",clean,
user_029,user,bank_001,profile.json,json,users/user_029/profile.json,1,seed_profile,"identity,contact,login",clean,
user_029,user,bank_001,identity_card.pdf,pdf,users/user_029/identity_card.pdf,2,ocr_identity,"full_name,niu,date_of_birth,address",clean,
user_029,user,bank_001,proof_of_address.pdf,pdf,users/user_029/proof_of_address.pdf,3,address_validation,"address,city,region",clean,
user_029,user,bank_001,bank_statement.pdf,pdf,users/user_029/bank_statement.pdf,4,statement_parsing,"credits,debits,balance",dirty,"alt_headers,copy_stamp,layout_shift"
user_029,user,bank_001,income_expenses.xlsx,xlsx,users/user_029/income_expenses.xlsx,5,income_expense_excel,"income,expense,closing_balance",dirty,"preamble_rows,blank_rows,mixed_amount_style"
user_029,user,bank_001,ocr_scan.png,png,users/user_029/ocr_scan.png,6,ocr_image,"niu,address,phone",dirty,"blur,tilt,low_contrast,scanner_shadow,noise"
user_029,user,bank_001,asset_declaration.pdf,pdf,users/user_029/asset_declaration.pdf,7,asset_proof_pdf,"asset_type,estimated_value,ownership",clean,
user_029,user,bank_001,asset_inventory.xlsx,xlsx,users/user_029/asset_inventory.xlsx,8,asset_inventory_excel,"asset_type,estimated_value,proof_mode",clean,
user_030,user,bank_002,profile.json,json,users/user_030/profile.json,1,seed_profile,"identity,contact,login",clean,
user_030,user,bank_002,identity_card.pdf,pdf,users/user_030/identity_card.pdf,2,ocr_identity,"full_name,niu,date_of_birth,address",clean,
user_030,user,bank_002,proof_of_address.pdf,pdf,users/user_030/proof_of_address.pdf,3,address_validation,"address,city,region",clean,
user_030,user,bank_002,bank_statement.pdf,pdf,users/user_030/bank_statement.pdf,4,statement_parsing,"credits,debits,balance",clean,
user_030,user,bank_002,income_expenses.xlsx,xlsx,users/user_030/income_expenses.xlsx,5,income_expense_excel,"income,expense,closing_balance",clean,
user_030,user,bank_002,ocr_scan.png,png,users/user_030/ocr_scan.png,6,ocr_image,"niu,address,phone",clean,
user_030,user,bank_002,asset_declaration.pdf,pdf,users/user_030/asset_declaration.pdf,7,asset_proof_pdf,"asset_type,estimated_value,ownership",clean,
user_030,user,bank_002,asset_inventory.xlsx,xlsx,users/user_030/asset_inventory.xlsx,8,asset_inventory_excel,"asset_type,estimated_value,proof_mode",clean,
user_030,user,bank_002,employment_certificate.pdf,pdf,users/user_030/employment_certificate.pdf,9,supporting_document,employment_certificate,clean,
user_030,user,bank_002,budget_note.pdf,pdf,users/user_030/budget_note.pdf,10,supporting_document,budget_note,clean,
company_001,company,bank_003,company_profile.json,json,companies/company_001/company_profile.json,1,company_seed_profile,"registration,tax_id,contacts",clean,
company_001,company,bank_003,bank_statement_enterprise.pdf,pdf,companies/company_001/bank_statement_enterprise.pdf,2,enterprise_statement,"credits,debits,balance",clean,
company_001,company,bank_003,sales_register.xlsx,xlsx,companies/company_001/sales_register.xlsx,3,sales_excel,"dates,amounts,clients",clean,
company_001,company,bank_003,purchase_register.xlsx,xlsx,companies/company_001/purchase_register.xlsx,4,purchase_excel,"dates,amounts,suppliers",clean,
company_001,company,bank_003,supplier_contract.pdf,pdf,companies/company_001/supplier_contract.pdf,5,contract_parsing,"counterparty,activity,city",clean,
company_001,company,bank_003,ocr_scan.png,png,companies/company_001/ocr_scan.png,6,ocr_enterprise,"registration_number,tax_id,leader",clean,
company_001,company,bank_003,asset_statement.pdf,pdf,companies/company_001/asset_statement.pdf,7,enterprise_asset_pdf,"asset_type,estimated_value,proof_mode",clean,
company_001,company,bank_003,fixed_assets_register.xlsx,xlsx,companies/company_001/fixed_assets_register.xlsx,8,enterprise_asset_excel,"asset_type,estimated_value,depreciation",clean,
company_001,company,bank_003,invoice_01.pdf,pdf,companies/company_001/invoice_01.pdf,9,invoice_parsing,"amount,client,service",clean,
company_001,company,bank_003,invoice_02.pdf,pdf,companies/company_001/invoice_02.pdf,10,invoice_parsing,"amount,client,service",clean,
company_001,company,bank_003,invoice_03.pdf,pdf,companies/company_001/invoice_03.pdf,11,invoice_parsing,"amount,client,service",clean,
company_002,company,bank_001,company_profile.json,json,companies/company_002/company_profile.json,1,company_seed_profile,"registration,tax_id,contacts",clean,
company_002,company,bank_001,bank_statement_enterprise.pdf,pdf,companies/company_002/bank_statement_enterprise.pdf,2,enterprise_statement,"credits,debits,balance",dirty,"alt_headers,copy_stamp,layout_shift"
company_002,company,bank_001,sales_register.xlsx,xlsx,companies/company_002/sales_register.xlsx,3,sales_excel,"dates,amounts,clients",dirty,"preamble_rows,blank_rows,mixed_amount_style"
company_002,company,bank_001,purchase_register.xlsx,xlsx,companies/company_002/purchase_register.xlsx,4,purchase_excel,"dates,amounts,suppliers",dirty,"preamble_rows,blank_rows,mixed_amount_style"
company_002,company,bank_001,supplier_contract.pdf,pdf,companies/company_002/supplier_contract.pdf,5,contract_parsing,"counterparty,activity,city",clean,
company_002,company,bank_001,ocr_scan.png,png,companies/company_002/ocr_scan.png,6,ocr_enterprise,"registration_number,tax_id,leader",dirty,"blur,tilt,low_contrast,scanner_shadow,noise"
company_002,company,bank_001,asset_statement.pdf,pdf,companies/company_002/asset_statement.pdf,7,enterprise_asset_pdf,"asset_type,estimated_value,proof_mode",clean,
company_002,company,bank_001,fixed_assets_register.xlsx,xlsx,companies/company_002/fixed_assets_register.xlsx,8,enterprise_asset_excel,"asset_type,estimated_value,depreciation",clean,
company_002,company,bank_001,invoice_01.pdf,pdf,companies/company_002/invoice_01.pdf,9,invoice_parsing,"amount,client,service",clean,
company_002,company,bank_001,invoice_02.pdf,pdf,companies/company_002/invoice_02.pdf,10,invoice_parsing,"amount,client,service",clean,
company_003,company,bank_001,company_profile.json,json,companies/company_003/company_profile.json,1,company_seed_profile,"registration,tax_id,contacts",clean,
company_003,company,bank_001,bank_statement_enterprise.pdf,pdf,companies/company_003/bank_statement_enterprise.pdf,2,enterprise_statement,"credits,debits,balance",clean,
company_003,company,bank_001,sales_register.xlsx,xlsx,companies/company_003/sales_register.xlsx,3,sales_excel,"dates,amounts,clients",clean,
company_003,company,bank_001,purchase_register.xlsx,xlsx,companies/company_003/purchase_register.xlsx,4,purchase_excel,"dates,amounts,suppliers",clean,
company_003,company,bank_001,supplier_contract.pdf,pdf,companies/company_003/supplier_contract.pdf,5,contract_parsing,"counterparty,activity,city",clean,
company_003,company,bank_001,ocr_scan.png,png,companies/company_003/ocr_scan.png,6,ocr_enterprise,"registration_number,tax_id,leader",clean,
company_003,company,bank_001,asset_statement.pdf,pdf,companies/company_003/asset_statement.pdf,7,enterprise_asset_pdf,"asset_type,estimated_value,proof_mode",clean,
company_003,company,bank_001,fixed_assets_register.xlsx,xlsx,companies/company_003/fixed_assets_register.xlsx,8,enterprise_asset_excel,"asset_type,estimated_value,depreciation",clean,
company_003,company,bank_001,invoice_01.pdf,pdf,companies/company_003/invoice_01.pdf,9,invoice_parsing,"amount,client,service",clean,
company_003,company,bank_001,invoice_02.pdf,pdf,companies/company_003/invoice_02.pdf,10,invoice_parsing,"amount,client,service",clean,
company_003,company,bank_001,invoice_03.pdf,pdf,companies/company_003/invoice_03.pdf,11,invoice_parsing,"amount,client,service",clean,
company_003,company,bank_001,invoice_04.pdf,pdf,companies/company_003/invoice_04.pdf,12,invoice_parsing,"amount,client,service",clean,
company_004,company,bank_002,company_profile.json,json,companies/company_004/company_profile.json,1,company_seed_profile,"registration,tax_id,contacts",clean,
company_004,company,bank_002,bank_statement_enterprise.pdf,pdf,companies/company_004/bank_statement_enterprise.pdf,2,enterprise_statement,"credits,debits,balance",clean,
company_004,company,bank_002,sales_register.xlsx,xlsx,companies/company_004/sales_register.xlsx,3,sales_excel,"dates,amounts,clients",clean,
company_004,company,bank_002,purchase_register.xlsx,xlsx,companies/company_004/purchase_register.xlsx,4,purchase_excel,"dates,amounts,suppliers",clean,
company_004,company,bank_002,supplier_contract.pdf,pdf,companies/company_004/supplier_contract.pdf,5,contract_parsing,"counterparty,activity,city",clean,
company_004,company,bank_002,ocr_scan.png,png,companies/company_004/ocr_scan.png,6,ocr_enterprise,"registration_number,tax_id,leader",clean,
company_004,company,bank_002,asset_statement.pdf,pdf,companies/company_004/asset_statement.pdf,7,enterprise_asset_pdf,"asset_type,estimated_value,proof_mode",clean,
company_004,company,bank_002,fixed_assets_register.xlsx,xlsx,companies/company_004/fixed_assets_register.xlsx,8,enterprise_asset_excel,"asset_type,estimated_value,depreciation",clean,
company_004,company,bank_002,invoice_01.pdf,pdf,companies/company_004/invoice_01.pdf,9,invoice_parsing,"amount,client,service",clean,
company_004,company,bank_002,invoice_02.pdf,pdf,companies/company_004/invoice_02.pdf,10,invoice_parsing,"amount,client,service",clean,
company_004,company,bank_002,invoice_03.pdf,pdf,companies/company_004/invoice_03.pdf,11,invoice_parsing,"amount,client,service",clean,
company_004,company,bank_002,invoice_04.pdf,pdf,companies/company_004/invoice_04.pdf,12,invoice_parsing,"amount,client,service",clean,
company_005,company,bank_002,company_profile.json,json,companies/company_005/company_profile.json,1,company_seed_profile,"registration,tax_id,contacts",clean,
company_005,company,bank_002,bank_statement_enterprise.pdf,pdf,companies/company_005/bank_statement_enterprise.pdf,2,enterprise_statement,"credits,debits,balance",dirty,"alt_headers,copy_stamp,layout_shift"
company_005,company,bank_002,sales_register.xlsx,xlsx,companies/company_005/sales_register.xlsx,3,sales_excel,"dates,amounts,clients",dirty,"preamble_rows,blank_rows,mixed_amount_style"
company_005,company,bank_002,purchase_register.xlsx,xlsx,companies/company_005/purchase_register.xlsx,4,purchase_excel,"dates,amounts,suppliers",dirty,"preamble_rows,blank_rows,mixed_amount_style"
company_005,company,bank_002,supplier_contract.pdf,pdf,companies/company_005/supplier_contract.pdf,5,contract_parsing,"counterparty,activity,city",clean,
company_005,company,bank_002,ocr_scan.png,png,companies/company_005/ocr_scan.png,6,ocr_enterprise,"registration_number,tax_id,leader",dirty,"blur,tilt,low_contrast,scanner_shadow,noise"
company_005,company,bank_002,asset_statement.pdf,pdf,companies/company_005/asset_statement.pdf,7,enterprise_asset_pdf,"asset_type,estimated_value,proof_mode",clean,
company_005,company,bank_002,fixed_assets_register.xlsx,xlsx,companies/company_005/fixed_assets_register.xlsx,8,enterprise_asset_excel,"asset_type,estimated_value,depreciation",clean,
company_005,company,bank_002,invoice_01.pdf,pdf,companies/company_005/invoice_01.pdf,9,invoice_parsing,"amount,client,service",clean,
company_005,company,bank_002,invoice_02.pdf,pdf,companies/company_005/invoice_02.pdf,10,invoice_parsing,"amount,client,service",clean,
company_006,company,bank_003,company_profile.json,json,companies/company_006/company_profile.json,1,company_seed_profile,"registration,tax_id,contacts",clean,
company_006,company,bank_003,bank_statement_enterprise.pdf,pdf,companies/company_006/bank_statement_enterprise.pdf,2,enterprise_statement,"credits,debits,balance",clean,
company_006,company,bank_003,sales_register.xlsx,xlsx,companies/company_006/sales_register.xlsx,3,sales_excel,"dates,amounts,clients",clean,
company_006,company,bank_003,purchase_register.xlsx,xlsx,companies/company_006/purchase_register.xlsx,4,purchase_excel,"dates,amounts,suppliers",clean,
company_006,company,bank_003,supplier_contract.pdf,pdf,companies/company_006/supplier_contract.pdf,5,contract_parsing,"counterparty,activity,city",clean,
company_006,company,bank_003,ocr_scan.png,png,companies/company_006/ocr_scan.png,6,ocr_enterprise,"registration_number,tax_id,leader",clean,
company_006,company,bank_003,asset_statement.pdf,pdf,companies/company_006/asset_statement.pdf,7,enterprise_asset_pdf,"asset_type,estimated_value,proof_mode",clean,
company_006,company,bank_003,fixed_assets_register.xlsx,xlsx,companies/company_006/fixed_assets_register.xlsx,8,enterprise_asset_excel,"asset_type,estimated_value,depreciation",clean,
company_006,company,bank_003,invoice_01.pdf,pdf,companies/company_006/invoice_01.pdf,9,invoice_parsing,"amount,client,service",clean,
company_006,company,bank_003,invoice_02.pdf,pdf,companies/company_006/invoice_02.pdf,10,invoice_parsing,"amount,client,service",clean,
company_006,company,bank_003,invoice_03.pdf,pdf,companies/company_006/invoice_03.pdf,11,invoice_parsing,"amount,client,service",clean,
company_006,company,bank_003,invoice_04.pdf,pdf,companies/company_006/invoice_04.pdf,12,invoice_parsing,"amount,client,service",clean,
company_007,company,bank_003,company_profile.json,json,companies/company_007/company_profile.json,1,company_seed_profile,"registration,tax_id,contacts",clean,
company_007,company,bank_003,bank_statement_enterprise.pdf,pdf,companies/company_007/bank_statement_enterprise.pdf,2,enterprise_statement,"credits,debits,balance",clean,
company_007,company,bank_003,sales_register.xlsx,xlsx,companies/company_007/sales_register.xlsx,3,sales_excel,"dates,amounts,clients",clean,
company_007,company,bank_003,purchase_register.xlsx,xlsx,companies/company_007/purchase_register.xlsx,4,purchase_excel,"dates,amounts,suppliers",clean,
company_007,company,bank_003,supplier_contract.pdf,pdf,companies/company_007/supplier_contract.pdf,5,contract_parsing,"counterparty,activity,city",clean,
company_007,company,bank_003,ocr_scan.png,png,companies/company_007/ocr_scan.png,6,ocr_enterprise,"registration_number,tax_id,leader",clean,
company_007,company,bank_003,asset_statement.pdf,pdf,companies/company_007/asset_statement.pdf,7,enterprise_asset_pdf,"asset_type,estimated_value,proof_mode",clean,
company_007,company,bank_003,fixed_assets_register.xlsx,xlsx,companies/company_007/fixed_assets_register.xlsx,8,enterprise_asset_excel,"asset_type,estimated_value,depreciation",clean,
company_007,company,bank_003,invoice_01.pdf,pdf,companies/company_007/invoice_01.pdf,9,invoice_parsing,"amount,client,service",clean,
company_007,company,bank_003,invoice_02.pdf,pdf,companies/company_007/invoice_02.pdf,10,invoice_parsing,"amount,client,service",clean,
company_007,company,bank_003,invoice_03.pdf,pdf,companies/company_007/invoice_03.pdf,11,invoice_parsing,"amount,client,service",clean,
company_007,company,bank_003,invoice_04.pdf,pdf,companies/company_007/invoice_04.pdf,12,invoice_parsing,"amount,client,service",clean,
company_008,company,bank_003,company_profile.json,json,companies/company_008/company_profile.json,1,company_seed_profile,"registration,tax_id,contacts",clean,
company_008,company,bank_003,bank_statement_enterprise.pdf,pdf,companies/company_008/bank_statement_enterprise.pdf,2,enterprise_statement,"credits,debits,balance",dirty,"alt_headers,copy_stamp,layout_shift"
company_008,company,bank_003,sales_register.xlsx,xlsx,companies/company_008/sales_register.xlsx,3,sales_excel,"dates,amounts,clients",dirty,"preamble_rows,blank_rows,mixed_amount_style"
company_008,company,bank_003,purchase_register.xlsx,xlsx,companies/company_008/purchase_register.xlsx,4,purchase_excel,"dates,amounts,suppliers",dirty,"preamble_rows,blank_rows,mixed_amount_style"
company_008,company,bank_003,supplier_contract.pdf,pdf,companies/company_008/supplier_contract.pdf,5,contract_parsing,"counterparty,activity,city",clean,
company_008,company,bank_003,ocr_scan.png,png,companies/company_008/ocr_scan.png,6,ocr_enterprise,"registration_number,tax_id,leader",dirty,"blur,tilt,low_contrast,scanner_shadow,noise"
company_008,company,bank_003,asset_statement.pdf,pdf,companies/company_008/asset_statement.pdf,7,enterprise_asset_pdf,"asset_type,estimated_value,proof_mode",clean,
company_008,company,bank_003,fixed_assets_register.xlsx,xlsx,companies/company_008/fixed_assets_register.xlsx,8,enterprise_asset_excel,"asset_type,estimated_value,depreciation",clean,
company_008,company,bank_003,invoice_01.pdf,pdf,companies/company_008/invoice_01.pdf,9,invoice_parsing,"amount,client,service",clean,
company_008,company,bank_003,invoice_02.pdf,pdf,companies/company_008/invoice_02.pdf,10,invoice_parsing,"amount,client,service",clean,
company_009,company,bank_003,company_profile.json,json,companies/company_009/company_profile.json,1,company_seed_profile,"registration,tax_id,contacts",clean,
company_009,company,bank_003,bank_statement_enterprise.pdf,pdf,companies/company_009/bank_statement_enterprise.pdf,2,enterprise_statement,"credits,debits,balance",clean,
company_009,company,bank_003,sales_register.xlsx,xlsx,companies/company_009/sales_register.xlsx,3,sales_excel,"dates,amounts,clients",clean,
company_009,company,bank_003,purchase_register.xlsx,xlsx,companies/company_009/purchase_register.xlsx,4,purchase_excel,"dates,amounts,suppliers",clean,
company_009,company,bank_003,supplier_contract.pdf,pdf,companies/company_009/supplier_contract.pdf,5,contract_parsing,"counterparty,activity,city",clean,
company_009,company,bank_003,ocr_scan.png,png,companies/company_009/ocr_scan.png,6,ocr_enterprise,"registration_number,tax_id,leader",clean,
company_009,company,bank_003,asset_statement.pdf,pdf,companies/company_009/asset_statement.pdf,7,enterprise_asset_pdf,"asset_type,estimated_value,proof_mode",clean,
company_009,company,bank_003,fixed_assets_register.xlsx,xlsx,companies/company_009/fixed_assets_register.xlsx,8,enterprise_asset_excel,"asset_type,estimated_value,depreciation",clean,
company_009,company,bank_003,invoice_01.pdf,pdf,companies/company_009/invoice_01.pdf,9,invoice_parsing,"amount,client,service",clean,
company_009,company,bank_003,invoice_02.pdf,pdf,companies/company_009/invoice_02.pdf,10,invoice_parsing,"amount,client,service",clean,
company_009,company,bank_003,invoice_03.pdf,pdf,companies/company_009/invoice_03.pdf,11,invoice_parsing,"amount,client,service",clean,
company_010,company,bank_001,company_profile.json,json,companies/company_010/company_profile.json,1,company_seed_profile,"registration,tax_id,contacts",clean,
company_010,company,bank_001,bank_statement_enterprise.pdf,pdf,companies/company_010/bank_statement_enterprise.pdf,2,enterprise_statement,"credits,debits,balance",clean,
company_010,company,bank_001,sales_register.xlsx,xlsx,companies/company_010/sales_register.xlsx,3,sales_excel,"dates,amounts,clients",clean,
company_010,company,bank_001,purchase_register.xlsx,xlsx,companies/company_010/purchase_register.xlsx,4,purchase_excel,"dates,amounts,suppliers",clean,
company_010,company,bank_001,supplier_contract.pdf,pdf,companies/company_010/supplier_contract.pdf,5,contract_parsing,"counterparty,activity,city",clean,
company_010,company,bank_001,ocr_scan.png,png,companies/company_010/ocr_scan.png,6,ocr_enterprise,"registration_number,tax_id,leader",clean,
company_010,company,bank_001,asset_statement.pdf,pdf,companies/company_010/asset_statement.pdf,7,enterprise_asset_pdf,"asset_type,estimated_value,proof_mode",clean,
company_010,company,bank_001,fixed_assets_register.xlsx,xlsx,companies/company_010/fixed_assets_register.xlsx,8,enterprise_asset_excel,"asset_type,estimated_value,depreciation",clean,
company_010,company,bank_001,invoice_01.pdf,pdf,companies/company_010/invoice_01.pdf,9,invoice_parsing,"amount,client,service",clean,
company_010,company,bank_001,invoice_02.pdf,pdf,companies/company_010/invoice_02.pdf,10,invoice_parsing,"amount,client,service",clean,
company_011,company,bank_003,company_profile.json,json,companies/company_011/company_profile.json,1,company_seed_profile,"registration,tax_id,contacts",clean,
company_011,company,bank_003,bank_statement_enterprise.pdf,pdf,companies/company_011/bank_statement_enterprise.pdf,2,enterprise_statement,"credits,debits,balance",dirty,"alt_headers,copy_stamp,layout_shift"
company_011,company,bank_003,sales_register.xlsx,xlsx,companies/company_011/sales_register.xlsx,3,sales_excel,"dates,amounts,clients",dirty,"preamble_rows,blank_rows,mixed_amount_style"
company_011,company,bank_003,purchase_register.xlsx,xlsx,companies/company_011/purchase_register.xlsx,4,purchase_excel,"dates,amounts,suppliers",dirty,"preamble_rows,blank_rows,mixed_amount_style"
company_011,company,bank_003,supplier_contract.pdf,pdf,companies/company_011/supplier_contract.pdf,5,contract_parsing,"counterparty,activity,city",clean,
company_011,company,bank_003,ocr_scan.png,png,companies/company_011/ocr_scan.png,6,ocr_enterprise,"registration_number,tax_id,leader",dirty,"blur,tilt,low_contrast,scanner_shadow,noise"
company_011,company,bank_003,asset_statement.pdf,pdf,companies/company_011/asset_statement.pdf,7,enterprise_asset_pdf,"asset_type,estimated_value,proof_mode",clean,
company_011,company,bank_003,fixed_assets_register.xlsx,xlsx,companies/company_011/fixed_assets_register.xlsx,8,enterprise_asset_excel,"asset_type,estimated_value,depreciation",clean,
company_011,company,bank_003,invoice_01.pdf,pdf,companies/company_011/invoice_01.pdf,9,invoice_parsing,"amount,client,service",clean,
company_011,company,bank_003,invoice_02.pdf,pdf,companies/company_011/invoice_02.pdf,10,invoice_parsing,"amount,client,service",clean,
company_012,company,bank_001,company_profile.json,json,companies/company_012/company_profile.json,1,company_seed_profile,"registration,tax_id,contacts",clean,
company_012,company,bank_001,bank_statement_enterprise.pdf,pdf,companies/company_012/bank_statement_enterprise.pdf,2,enterprise_statement,"credits,debits,balance",dirty,"alt_headers,copy_stamp,layout_shift"
company_012,company,bank_001,sales_register.xlsx,xlsx,companies/company_012/sales_register.xlsx,3,sales_excel,"dates,amounts,clients",dirty,"preamble_rows,blank_rows,mixed_amount_style"
company_012,company,bank_001,purchase_register.xlsx,xlsx,companies/company_012/purchase_register.xlsx,4,purchase_excel,"dates,amounts,suppliers",dirty,"preamble_rows,blank_rows,mixed_amount_style"
company_012,company,bank_001,supplier_contract.pdf,pdf,companies/company_012/supplier_contract.pdf,5,contract_parsing,"counterparty,activity,city",clean,
company_012,company,bank_001,ocr_scan.png,png,companies/company_012/ocr_scan.png,6,ocr_enterprise,"registration_number,tax_id,leader",dirty,"blur,tilt,low_contrast,scanner_shadow,noise"
company_012,company,bank_001,asset_statement.pdf,pdf,companies/company_012/asset_statement.pdf,7,enterprise_asset_pdf,"asset_type,estimated_value,proof_mode",clean,
company_012,company,bank_001,fixed_assets_register.xlsx,xlsx,companies/company_012/fixed_assets_register.xlsx,8,enterprise_asset_excel,"asset_type,estimated_value,depreciation",clean,
company_012,company,bank_001,invoice_01.pdf,pdf,companies/company_012/invoice_01.pdf,9,invoice_parsing,"amount,client,service",clean,
company_012,company,bank_001,invoice_02.pdf,pdf,companies/company_012/invoice_02.pdf,10,invoice_parsing,"amount,client,service",clean,
company_013,company,bank_003,company_profile.json,json,companies/company_013/company_profile.json,1,company_seed_profile,"registration,tax_id,contacts",clean,
company_013,company,bank_003,bank_statement_enterprise.pdf,pdf,companies/company_013/bank_statement_enterprise.pdf,2,enterprise_statement,"credits,debits,balance",clean,
company_013,company,bank_003,sales_register.xlsx,xlsx,companies/company_013/sales_register.xlsx,3,sales_excel,"dates,amounts,clients",clean,
company_013,company,bank_003,purchase_register.xlsx,xlsx,companies/company_013/purchase_register.xlsx,4,purchase_excel,"dates,amounts,suppliers",clean,
company_013,company,bank_003,supplier_contract.pdf,pdf,companies/company_013/supplier_contract.pdf,5,contract_parsing,"counterparty,activity,city",clean,
company_013,company,bank_003,ocr_scan.png,png,companies/company_013/ocr_scan.png,6,ocr_enterprise,"registration_number,tax_id,leader",clean,
company_013,company,bank_003,asset_statement.pdf,pdf,companies/company_013/asset_statement.pdf,7,enterprise_asset_pdf,"asset_type,estimated_value,proof_mode",clean,
company_013,company,bank_003,fixed_assets_register.xlsx,xlsx,companies/company_013/fixed_assets_register.xlsx,8,enterprise_asset_excel,"asset_type,estimated_value,depreciation",clean,
company_013,company,bank_003,invoice_01.pdf,pdf,companies/company_013/invoice_01.pdf,9,invoice_parsing,"amount,client,service",clean,
company_013,company,bank_003,invoice_02.pdf,pdf,companies/company_013/invoice_02.pdf,10,invoice_parsing,"amount,client,service",clean,
company_013,company,bank_003,invoice_03.pdf,pdf,companies/company_013/invoice_03.pdf,11,invoice_parsing,"amount,client,service",clean,
company_013,company,bank_003,invoice_04.pdf,pdf,companies/company_013/invoice_04.pdf,12,invoice_parsing,"amount,client,service",clean,
company_014,company,bank_002,company_profile.json,json,companies/company_014/company_profile.json,1,company_seed_profile,"registration,tax_id,contacts",clean,
company_014,company,bank_002,bank_statement_enterprise.pdf,pdf,companies/company_014/bank_statement_enterprise.pdf,2,enterprise_statement,"credits,debits,balance",clean,
company_014,company,bank_002,sales_register.xlsx,xlsx,companies/company_014/sales_register.xlsx,3,sales_excel,"dates,amounts,clients",clean,
company_014,company,bank_002,purchase_register.xlsx,xlsx,companies/company_014/purchase_register.xlsx,4,purchase_excel,"dates,amounts,suppliers",clean,
company_014,company,bank_002,supplier_contract.pdf,pdf,companies/company_014/supplier_contract.pdf,5,contract_parsing,"counterparty,activity,city",clean,
company_014,company,bank_002,ocr_scan.png,png,companies/company_014/ocr_scan.png,6,ocr_enterprise,"registration_number,tax_id,leader",clean,
company_014,company,bank_002,asset_statement.pdf,pdf,companies/company_014/asset_statement.pdf,7,enterprise_asset_pdf,"asset_type,estimated_value,proof_mode",clean,
company_014,company,bank_002,fixed_assets_register.xlsx,xlsx,companies/company_014/fixed_assets_register.xlsx,8,enterprise_asset_excel,"asset_type,estimated_value,depreciation",clean,
company_014,company,bank_002,invoice_01.pdf,pdf,companies/company_014/invoice_01.pdf,9,invoice_parsing,"amount,client,service",clean,
company_014,company,bank_002,invoice_02.pdf,pdf,companies/company_014/invoice_02.pdf,10,invoice_parsing,"amount,client,service",clean,
company_015,company,bank_003,company_profile.json,json,companies/company_015/company_profile.json,1,company_seed_profile,"registration,tax_id,contacts",clean,
company_015,company,bank_003,bank_statement_enterprise.pdf,pdf,companies/company_015/bank_statement_enterprise.pdf,2,enterprise_statement,"credits,debits,balance",dirty,"alt_headers,copy_stamp,layout_shift"
company_015,company,bank_003,sales_register.xlsx,xlsx,companies/company_015/sales_register.xlsx,3,sales_excel,"dates,amounts,clients",dirty,"preamble_rows,blank_rows,mixed_amount_style"
company_015,company,bank_003,purchase_register.xlsx,xlsx,companies/company_015/purchase_register.xlsx,4,purchase_excel,"dates,amounts,suppliers",dirty,"preamble_rows,blank_rows,mixed_amount_style"
company_015,company,bank_003,supplier_contract.pdf,pdf,companies/company_015/supplier_contract.pdf,5,contract_parsing,"counterparty,activity,city",clean,
company_015,company,bank_003,ocr_scan.png,png,companies/company_015/ocr_scan.png,6,ocr_enterprise,"registration_number,tax_id,leader",dirty,"blur,tilt,low_contrast,scanner_shadow,noise"
company_015,company,bank_003,asset_statement.pdf,pdf,companies/company_015/asset_statement.pdf,7,enterprise_asset_pdf,"asset_type,estimated_value,proof_mode",clean,
company_015,company,bank_003,fixed_assets_register.xlsx,xlsx,companies/company_015/fixed_assets_register.xlsx,8,enterprise_asset_excel,"asset_type,estimated_value,depreciation",clean,
company_015,company,bank_003,invoice_01.pdf,pdf,companies/company_015/invoice_01.pdf,9,invoice_parsing,"amount,client,service",clean,
company_015,company,bank_003,invoice_02.pdf,pdf,companies/company_015/invoice_02.pdf,10,invoice_parsing,"amount,client,service",clean,
company_016,company,bank_002,company_profile.json,json,companies/company_016/company_profile.json,1,company_seed_profile,"registration,tax_id,contacts",clean,
company_016,company,bank_002,bank_statement_enterprise.pdf,pdf,companies/company_016/bank_statement_enterprise.pdf,2,enterprise_statement,"credits,debits,balance",clean,
company_016,company,bank_002,sales_register.xlsx,xlsx,companies/company_016/sales_register.xlsx,3,sales_excel,"dates,amounts,clients",clean,
company_016,company,bank_002,purchase_register.xlsx,xlsx,companies/company_016/purchase_register.xlsx,4,purchase_excel,"dates,amounts,suppliers",clean,
company_016,company,bank_002,supplier_contract.pdf,pdf,companies/company_016/supplier_contract.pdf,5,contract_parsing,"counterparty,activity,city",clean,
company_016,company,bank_002,ocr_scan.png,png,companies/company_016/ocr_scan.png,6,ocr_enterprise,"registration_number,tax_id,leader",clean,
company_016,company,bank_002,asset_statement.pdf,pdf,companies/company_016/asset_statement.pdf,7,enterprise_asset_pdf,"asset_type,estimated_value,proof_mode",clean,
company_016,company,bank_002,fixed_assets_register.xlsx,xlsx,companies/company_016/fixed_assets_register.xlsx,8,enterprise_asset_excel,"asset_type,estimated_value,depreciation",clean,
company_016,company,bank_002,invoice_01.pdf,pdf,companies/company_016/invoice_01.pdf,9,invoice_parsing,"amount,client,service",clean,
company_016,company,bank_002,invoice_02.pdf,pdf,companies/company_016/invoice_02.pdf,10,invoice_parsing,"amount,client,service",clean,
company_017,company,bank_002,company_profile.json,json,companies/company_017/company_profile.json,1,company_seed_profile,"registration,tax_id,contacts",clean,
company_017,company,bank_002,bank_statement_enterprise.pdf,pdf,companies/company_017/bank_statement_enterprise.pdf,2,enterprise_statement,"credits,debits,balance",clean,
company_017,company,bank_002,sales_register.xlsx,xlsx,companies/company_017/sales_register.xlsx,3,sales_excel,"dates,amounts,clients",clean,
company_017,company,bank_002,purchase_register.xlsx,xlsx,companies/company_017/purchase_register.xlsx,4,purchase_excel,"dates,amounts,suppliers",clean,
company_017,company,bank_002,supplier_contract.pdf,pdf,companies/company_017/supplier_contract.pdf,5,contract_parsing,"counterparty,activity,city",clean,
company_017,company,bank_002,ocr_scan.png,png,companies/company_017/ocr_scan.png,6,ocr_enterprise,"registration_number,tax_id,leader",clean,
company_017,company,bank_002,asset_statement.pdf,pdf,companies/company_017/asset_statement.pdf,7,enterprise_asset_pdf,"asset_type,estimated_value,proof_mode",clean,
company_017,company,bank_002,fixed_assets_register.xlsx,xlsx,companies/company_017/fixed_assets_register.xlsx,8,enterprise_asset_excel,"asset_type,estimated_value,depreciation",clean,
company_017,company,bank_002,invoice_01.pdf,pdf,companies/company_017/invoice_01.pdf,9,invoice_parsing,"amount,client,service",clean,
company_017,company,bank_002,invoice_02.pdf,pdf,companies/company_017/invoice_02.pdf,10,invoice_parsing,"amount,client,service",clean,
company_017,company,bank_002,invoice_03.pdf,pdf,companies/company_017/invoice_03.pdf,11,invoice_parsing,"amount,client,service",clean,
company_018,company,bank_003,company_profile.json,json,companies/company_018/company_profile.json,1,company_seed_profile,"registration,tax_id,contacts",clean,
company_018,company,bank_003,bank_statement_enterprise.pdf,pdf,companies/company_018/bank_statement_enterprise.pdf,2,enterprise_statement,"credits,debits,balance",clean,
company_018,company,bank_003,sales_register.xlsx,xlsx,companies/company_018/sales_register.xlsx,3,sales_excel,"dates,amounts,clients",clean,
company_018,company,bank_003,purchase_register.xlsx,xlsx,companies/company_018/purchase_register.xlsx,4,purchase_excel,"dates,amounts,suppliers",clean,
company_018,company,bank_003,supplier_contract.pdf,pdf,companies/company_018/supplier_contract.pdf,5,contract_parsing,"counterparty,activity,city",clean,
company_018,company,bank_003,ocr_scan.png,png,companies/company_018/ocr_scan.png,6,ocr_enterprise,"registration_number,tax_id,leader",clean,
company_018,company,bank_003,asset_statement.pdf,pdf,companies/company_018/asset_statement.pdf,7,enterprise_asset_pdf,"asset_type,estimated_value,proof_mode",clean,
company_018,company,bank_003,fixed_assets_register.xlsx,xlsx,companies/company_018/fixed_assets_register.xlsx,8,enterprise_asset_excel,"asset_type,estimated_value,depreciation",clean,
company_018,company,bank_003,invoice_01.pdf,pdf,companies/company_018/invoice_01.pdf,9,invoice_parsing,"amount,client,service",clean,
company_018,company,bank_003,invoice_02.pdf,pdf,companies/company_018/invoice_02.pdf,10,invoice_parsing,"amount,client,service",clean,
company_018,company,bank_003,invoice_03.pdf,pdf,companies/company_018/invoice_03.pdf,11,invoice_parsing,"amount,client,service",clean,
company_018,company,bank_003,invoice_04.pdf,pdf,companies/company_018/invoice_04.pdf,12,invoice_parsing,"amount,client,service",clean,
company_019,company,bank_003,company_profile.json,json,companies/company_019/company_profile.json,1,company_seed_profile,"registration,tax_id,contacts",clean,
company_019,company,bank_003,bank_statement_enterprise.pdf,pdf,companies/company_019/bank_statement_enterprise.pdf,2,enterprise_statement,"credits,debits,balance",dirty,"alt_headers,copy_stamp,layout_shift"
company_019,company,bank_003,sales_register.xlsx,xlsx,companies/company_019/sales_register.xlsx,3,sales_excel,"dates,amounts,clients",dirty,"preamble_rows,blank_rows,mixed_amount_style"
company_019,company,bank_003,purchase_register.xlsx,xlsx,companies/company_019/purchase_register.xlsx,4,purchase_excel,"dates,amounts,suppliers",dirty,"preamble_rows,blank_rows,mixed_amount_style"
company_019,company,bank_003,supplier_contract.pdf,pdf,companies/company_019/supplier_contract.pdf,5,contract_parsing,"counterparty,activity,city",clean,
company_019,company,bank_003,ocr_scan.png,png,companies/company_019/ocr_scan.png,6,ocr_enterprise,"registration_number,tax_id,leader",dirty,"blur,tilt,low_contrast,scanner_shadow,noise"
company_019,company,bank_003,asset_statement.pdf,pdf,companies/company_019/asset_statement.pdf,7,enterprise_asset_pdf,"asset_type,estimated_value,proof_mode",clean,
company_019,company,bank_003,fixed_assets_register.xlsx,xlsx,companies/company_019/fixed_assets_register.xlsx,8,enterprise_asset_excel,"asset_type,estimated_value,depreciation",clean,
company_019,company,bank_003,invoice_01.pdf,pdf,companies/company_019/invoice_01.pdf,9,invoice_parsing,"amount,client,service",clean,
company_019,company,bank_003,invoice_02.pdf,pdf,companies/company_019/invoice_02.pdf,10,invoice_parsing,"amount,client,service",clean,
company_020,company,bank_001,company_profile.json,json,companies/company_020/company_profile.json,1,company_seed_profile,"registration,tax_id,contacts",clean,
company_020,company,bank_001,bank_statement_enterprise.pdf,pdf,companies/company_020/bank_statement_enterprise.pdf,2,enterprise_statement,"credits,debits,balance",clean,
company_020,company,bank_001,sales_register.xlsx,xlsx,companies/company_020/sales_register.xlsx,3,sales_excel,"dates,amounts,clients",clean,
company_020,company,bank_001,purchase_register.xlsx,xlsx,companies/company_020/purchase_register.xlsx,4,purchase_excel,"dates,amounts,suppliers",clean,
company_020,company,bank_001,supplier_contract.pdf,pdf,companies/company_020/supplier_contract.pdf,5,contract_parsing,"counterparty,activity,city",clean,
company_020,company,bank_001,ocr_scan.png,png,companies/company_020/ocr_scan.png,6,ocr_enterprise,"registration_number,tax_id,leader",clean,
company_020,company,bank_001,asset_statement.pdf,pdf,companies/company_020/asset_statement.pdf,7,enterprise_asset_pdf,"asset_type,estimated_value,proof_mode",clean,
company_020,company,bank_001,fixed_assets_register.xlsx,xlsx,companies/company_020/fixed_assets_register.xlsx,8,enterprise_asset_excel,"asset_type,estimated_value,depreciation",clean,
company_020,company,bank_001,invoice_01.pdf,pdf,companies/company_020/invoice_01.pdf,9,invoice_parsing,"amount,client,service",clean,
company_020,company,bank_001,invoice_02.pdf,pdf,companies/company_020/invoice_02.pdf,10,invoice_parsing,"amount,client,service",clean,
company_021,company,bank_002,company_profile.json,json,companies/company_021/company_profile.json,1,company_seed_profile,"registration,tax_id,contacts",clean,
company_021,company,bank_002,bank_statement_enterprise.pdf,pdf,companies/company_021/bank_statement_enterprise.pdf,2,enterprise_statement,"credits,debits,balance",dirty,"alt_headers,copy_stamp,layout_shift"
company_021,company,bank_002,sales_register.xlsx,xlsx,companies/company_021/sales_register.xlsx,3,sales_excel,"dates,amounts,clients",dirty,"preamble_rows,blank_rows,mixed_amount_style"
company_021,company,bank_002,purchase_register.xlsx,xlsx,companies/company_021/purchase_register.xlsx,4,purchase_excel,"dates,amounts,suppliers",dirty,"preamble_rows,blank_rows,mixed_amount_style"
company_021,company,bank_002,supplier_contract.pdf,pdf,companies/company_021/supplier_contract.pdf,5,contract_parsing,"counterparty,activity,city",clean,
company_021,company,bank_002,ocr_scan.png,png,companies/company_021/ocr_scan.png,6,ocr_enterprise,"registration_number,tax_id,leader",dirty,"blur,tilt,low_contrast,scanner_shadow,noise"
company_021,company,bank_002,asset_statement.pdf,pdf,companies/company_021/asset_statement.pdf,7,enterprise_asset_pdf,"asset_type,estimated_value,proof_mode",clean,
company_021,company,bank_002,fixed_assets_register.xlsx,xlsx,companies/company_021/fixed_assets_register.xlsx,8,enterprise_asset_excel,"asset_type,estimated_value,depreciation",clean,
company_021,company,bank_002,invoice_01.pdf,pdf,companies/company_021/invoice_01.pdf,9,invoice_parsing,"amount,client,service",clean,
company_021,company,bank_002,invoice_02.pdf,pdf,companies/company_021/invoice_02.pdf,10,invoice_parsing,"amount,client,service",clean,
company_022,company,bank_001,company_profile.json,json,companies/company_022/company_profile.json,1,company_seed_profile,"registration,tax_id,contacts",clean,
company_022,company,bank_001,bank_statement_enterprise.pdf,pdf,companies/company_022/bank_statement_enterprise.pdf,2,enterprise_statement,"credits,debits,balance",clean,
company_022,company,bank_001,sales_register.xlsx,xlsx,companies/company_022/sales_register.xlsx,3,sales_excel,"dates,amounts,clients",clean,
company_022,company,bank_001,purchase_register.xlsx,xlsx,companies/company_022/purchase_register.xlsx,4,purchase_excel,"dates,amounts,suppliers",clean,
company_022,company,bank_001,supplier_contract.pdf,pdf,companies/company_022/supplier_contract.pdf,5,contract_parsing,"counterparty,activity,city",clean,
company_022,company,bank_001,ocr_scan.png,png,companies/company_022/ocr_scan.png,6,ocr_enterprise,"registration_number,tax_id,leader",clean,
company_022,company,bank_001,asset_statement.pdf,pdf,companies/company_022/asset_statement.pdf,7,enterprise_asset_pdf,"asset_type,estimated_value,proof_mode",clean,
company_022,company,bank_001,fixed_assets_register.xlsx,xlsx,companies/company_022/fixed_assets_register.xlsx,8,enterprise_asset_excel,"asset_type,estimated_value,depreciation",clean,
company_022,company,bank_001,invoice_01.pdf,pdf,companies/company_022/invoice_01.pdf,9,invoice_parsing,"amount,client,service",clean,
company_022,company,bank_001,invoice_02.pdf,pdf,companies/company_022/invoice_02.pdf,10,invoice_parsing,"amount,client,service",clean,
company_022,company,bank_001,invoice_03.pdf,pdf,companies/company_022/invoice_03.pdf,11,invoice_parsing,"amount,client,service",clean,
company_022,company,bank_001,invoice_04.pdf,pdf,companies/company_022/invoice_04.pdf,12,invoice_parsing,"amount,client,service",clean,
company_023,company,bank_002,company_profile.json,json,companies/company_023/company_profile.json,1,company_seed_profile,"registration,tax_id,contacts",clean,
company_023,company,bank_002,bank_statement_enterprise.pdf,pdf,companies/company_023/bank_statement_enterprise.pdf,2,enterprise_statement,"credits,debits,balance",clean,
company_023,company,bank_002,sales_register.xlsx,xlsx,companies/company_023/sales_register.xlsx,3,sales_excel,"dates,amounts,clients",clean,
company_023,company,bank_002,purchase_register.xlsx,xlsx,companies/company_023/purchase_register.xlsx,4,purchase_excel,"dates,amounts,suppliers",clean,
company_023,company,bank_002,supplier_contract.pdf,pdf,companies/company_023/supplier_contract.pdf,5,contract_parsing,"counterparty,activity,city",clean,
company_023,company,bank_002,ocr_scan.png,png,companies/company_023/ocr_scan.png,6,ocr_enterprise,"registration_number,tax_id,leader",clean,
company_023,company,bank_002,asset_statement.pdf,pdf,companies/company_023/asset_statement.pdf,7,enterprise_asset_pdf,"asset_type,estimated_value,proof_mode",clean,
company_023,company,bank_002,fixed_assets_register.xlsx,xlsx,companies/company_023/fixed_assets_register.xlsx,8,enterprise_asset_excel,"asset_type,estimated_value,depreciation",clean,
company_023,company,bank_002,invoice_01.pdf,pdf,companies/company_023/invoice_01.pdf,9,invoice_parsing,"amount,client,service",clean,
company_023,company,bank_002,invoice_02.pdf,pdf,companies/company_023/invoice_02.pdf,10,invoice_parsing,"amount,client,service",clean,
company_023,company,bank_002,invoice_03.pdf,pdf,companies/company_023/invoice_03.pdf,11,invoice_parsing,"amount,client,service",clean,
company_023,company,bank_002,invoice_04.pdf,pdf,companies/company_023/invoice_04.pdf,12,invoice_parsing,"amount,client,service",clean,
company_024,company,bank_001,company_profile.json,json,companies/company_024/company_profile.json,1,company_seed_profile,"registration,tax_id,contacts",clean,
company_024,company,bank_001,bank_statement_enterprise.pdf,pdf,companies/company_024/bank_statement_enterprise.pdf,2,enterprise_statement,"credits,debits,balance",clean,
company_024,company,bank_001,sales_register.xlsx,xlsx,companies/company_024/sales_register.xlsx,3,sales_excel,"dates,amounts,clients",clean,
company_024,company,bank_001,purchase_register.xlsx,xlsx,companies/company_024/purchase_register.xlsx,4,purchase_excel,"dates,amounts,suppliers",clean,
company_024,company,bank_001,supplier_contract.pdf,pdf,companies/company_024/supplier_contract.pdf,5,contract_parsing,"counterparty,activity,city",clean,
company_024,company,bank_001,ocr_scan.png,png,companies/company_024/ocr_scan.png,6,ocr_enterprise,"registration_number,tax_id,leader",clean,
company_024,company,bank_001,asset_statement.pdf,pdf,companies/company_024/asset_statement.pdf,7,enterprise_asset_pdf,"asset_type,estimated_value,proof_mode",clean,
company_024,company,bank_001,fixed_assets_register.xlsx,xlsx,companies/company_024/fixed_assets_register.xlsx,8,enterprise_asset_excel,"asset_type,estimated_value,depreciation",clean,
company_024,company,bank_001,invoice_01.pdf,pdf,companies/company_024/invoice_01.pdf,9,invoice_parsing,"amount,client,service",clean,
company_024,company,bank_001,invoice_02.pdf,pdf,companies/company_024/invoice_02.pdf,10,invoice_parsing,"amount,client,service",clean,
company_024,company,bank_001,invoice_03.pdf,pdf,companies/company_024/invoice_03.pdf,11,invoice_parsing,"amount,client,service",clean,
company_024,company,bank_001,invoice_04.pdf,pdf,companies/company_024/invoice_04.pdf,12,invoice_parsing,"amount,client,service",clean,
company_025,company,bank_002,company_profile.json,json,companies/company_025/company_profile.json,1,company_seed_profile,"registration,tax_id,contacts",clean,
company_025,company,bank_002,bank_statement_enterprise.pdf,pdf,companies/company_025/bank_statement_enterprise.pdf,2,enterprise_statement,"credits,debits,balance",clean,
company_025,company,bank_002,sales_register.xlsx,xlsx,companies/company_025/sales_register.xlsx,3,sales_excel,"dates,amounts,clients",clean,
company_025,company,bank_002,purchase_register.xlsx,xlsx,companies/company_025/purchase_register.xlsx,4,purchase_excel,"dates,amounts,suppliers",clean,
company_025,company,bank_002,supplier_contract.pdf,pdf,companies/company_025/supplier_contract.pdf,5,contract_parsing,"counterparty,activity,city",clean,
company_025,company,bank_002,ocr_scan.png,png,companies/company_025/ocr_scan.png,6,ocr_enterprise,"registration_number,tax_id,leader",clean,
company_025,company,bank_002,asset_statement.pdf,pdf,companies/company_025/asset_statement.pdf,7,enterprise_asset_pdf,"asset_type,estimated_value,proof_mode",clean,
company_025,company,bank_002,fixed_assets_register.xlsx,xlsx,companies/company_025/fixed_assets_register.xlsx,8,enterprise_asset_excel,"asset_type,estimated_value,depreciation",clean,
company_025,company,bank_002,invoice_01.pdf,pdf,companies/company_025/invoice_01.pdf,9,invoice_parsing,"amount,client,service",clean,
company_025,company,bank_002,invoice_02.pdf,pdf,companies/company_025/invoice_02.pdf,10,invoice_parsing,"amount,client,service",clean,
company_025,company,bank_002,invoice_03.pdf,pdf,companies/company_025/invoice_03.pdf,11,invoice_parsing,"amount,client,service",clean,
company_026,company,bank_001,company_profile.json,json,companies/company_026/company_profile.json,1,company_seed_profile,"registration,tax_id,contacts",clean,
company_026,company,bank_001,bank_statement_enterprise.pdf,pdf,companies/company_026/bank_statement_enterprise.pdf,2,enterprise_statement,"credits,debits,balance",dirty,"alt_headers,copy_stamp,layout_shift"
company_026,company,bank_001,sales_register.xlsx,xlsx,companies/company_026/sales_register.xlsx,3,sales_excel,"dates,amounts,clients",dirty,"preamble_rows,blank_rows,mixed_amount_style"
company_026,company,bank_001,purchase_register.xlsx,xlsx,companies/company_026/purchase_register.xlsx,4,purchase_excel,"dates,amounts,suppliers",dirty,"preamble_rows,blank_rows,mixed_amount_style"
company_026,company,bank_001,supplier_contract.pdf,pdf,companies/company_026/supplier_contract.pdf,5,contract_parsing,"counterparty,activity,city",clean,
company_026,company,bank_001,ocr_scan.png,png,companies/company_026/ocr_scan.png,6,ocr_enterprise,"registration_number,tax_id,leader",dirty,"blur,tilt,low_contrast,scanner_shadow,noise"
company_026,company,bank_001,asset_statement.pdf,pdf,companies/company_026/asset_statement.pdf,7,enterprise_asset_pdf,"asset_type,estimated_value,proof_mode",clean,
company_026,company,bank_001,fixed_assets_register.xlsx,xlsx,companies/company_026/fixed_assets_register.xlsx,8,enterprise_asset_excel,"asset_type,estimated_value,depreciation",clean,
company_026,company,bank_001,invoice_01.pdf,pdf,companies/company_026/invoice_01.pdf,9,invoice_parsing,"amount,client,service",clean,
company_026,company,bank_001,invoice_02.pdf,pdf,companies/company_026/invoice_02.pdf,10,invoice_parsing,"amount,client,service",clean,
company_027,company,bank_001,company_profile.json,json,companies/company_027/company_profile.json,1,company_seed_profile,"registration,tax_id,contacts",clean,
company_027,company,bank_001,bank_statement_enterprise.pdf,pdf,companies/company_027/bank_statement_enterprise.pdf,2,enterprise_statement,"credits,debits,balance",clean,
company_027,company,bank_001,sales_register.xlsx,xlsx,companies/company_027/sales_register.xlsx,3,sales_excel,"dates,amounts,clients",clean,
company_027,company,bank_001,purchase_register.xlsx,xlsx,companies/company_027/purchase_register.xlsx,4,purchase_excel,"dates,amounts,suppliers",clean,
company_027,company,bank_001,supplier_contract.pdf,pdf,companies/company_027/supplier_contract.pdf,5,contract_parsing,"counterparty,activity,city",clean,
company_027,company,bank_001,ocr_scan.png,png,companies/company_027/ocr_scan.png,6,ocr_enterprise,"registration_number,tax_id,leader",clean,
company_027,company,bank_001,asset_statement.pdf,pdf,companies/company_027/asset_statement.pdf,7,enterprise_asset_pdf,"asset_type,estimated_value,proof_mode",clean,
company_027,company,bank_001,fixed_assets_register.xlsx,xlsx,companies/company_027/fixed_assets_register.xlsx,8,enterprise_asset_excel,"asset_type,estimated_value,depreciation",clean,
company_027,company,bank_001,invoice_01.pdf,pdf,companies/company_027/invoice_01.pdf,9,invoice_parsing,"amount,client,service",clean,
company_027,company,bank_001,invoice_02.pdf,pdf,companies/company_027/invoice_02.pdf,10,invoice_parsing,"amount,client,service",clean,
company_027,company,bank_001,invoice_03.pdf,pdf,companies/company_027/invoice_03.pdf,11,invoice_parsing,"amount,client,service",clean,
company_028,company,bank_001,company_profile.json,json,companies/company_028/company_profile.json,1,company_seed_profile,"registration,tax_id,contacts",clean,
company_028,company,bank_001,bank_statement_enterprise.pdf,pdf,companies/company_028/bank_statement_enterprise.pdf,2,enterprise_statement,"credits,debits,balance",clean,
company_028,company,bank_001,sales_register.xlsx,xlsx,companies/company_028/sales_register.xlsx,3,sales_excel,"dates,amounts,clients",clean,
company_028,company,bank_001,purchase_register.xlsx,xlsx,companies/company_028/purchase_register.xlsx,4,purchase_excel,"dates,amounts,suppliers",clean,
company_028,company,bank_001,supplier_contract.pdf,pdf,companies/company_028/supplier_contract.pdf,5,contract_parsing,"counterparty,activity,city",clean,
company_028,company,bank_001,ocr_scan.png,png,companies/company_028/ocr_scan.png,6,ocr_enterprise,"registration_number,tax_id,leader",clean,
company_028,company,bank_001,asset_statement.pdf,pdf,companies/company_028/asset_statement.pdf,7,enterprise_asset_pdf,"asset_type,estimated_value,proof_mode",clean,
company_028,company,bank_001,fixed_assets_register.xlsx,xlsx,companies/company_028/fixed_assets_register.xlsx,8,enterprise_asset_excel,"asset_type,estimated_value,depreciation",clean,
company_028,company,bank_001,invoice_01.pdf,pdf,companies/company_028/invoice_01.pdf,9,invoice_parsing,"amount,client,service",clean,
company_028,company,bank_001,invoice_02.pdf,pdf,companies/company_028/invoice_02.pdf,10,invoice_parsing,"amount,client,service",clean,
company_029,company,bank_002,company_profile.json,json,companies/company_029/company_profile.json,1,company_seed_profile,"registration,tax_id,contacts",clean,
company_029,company,bank_002,bank_statement_enterprise.pdf,pdf,companies/company_029/bank_statement_enterprise.pdf,2,enterprise_statement,"credits,debits,balance",dirty,"alt_headers,copy_stamp,layout_shift"
company_029,company,bank_002,sales_register.xlsx,xlsx,companies/company_029/sales_register.xlsx,3,sales_excel,"dates,amounts,clients",dirty,"preamble_rows,blank_rows,mixed_amount_style"
company_029,company,bank_002,purchase_register.xlsx,xlsx,companies/company_029/purchase_register.xlsx,4,purchase_excel,"dates,amounts,suppliers",dirty,"preamble_rows,blank_rows,mixed_amount_style"
company_029,company,bank_002,supplier_contract.pdf,pdf,companies/company_029/supplier_contract.pdf,5,contract_parsing,"counterparty,activity,city",clean,
company_029,company,bank_002,ocr_scan.png,png,companies/company_029/ocr_scan.png,6,ocr_enterprise,"registration_number,tax_id,leader",dirty,"blur,tilt,low_contrast,scanner_shadow,noise"
company_029,company,bank_002,asset_statement.pdf,pdf,companies/company_029/asset_statement.pdf,7,enterprise_asset_pdf,"asset_type,estimated_value,proof_mode",clean,
company_029,company,bank_002,fixed_assets_register.xlsx,xlsx,companies/company_029/fixed_assets_register.xlsx,8,enterprise_asset_excel,"asset_type,estimated_value,depreciation",clean,
company_029,company,bank_002,invoice_01.pdf,pdf,companies/company_029/invoice_01.pdf,9,invoice_parsing,"amount,client,service",clean,
company_029,company,bank_002,invoice_02.pdf,pdf,companies/company_029/invoice_02.pdf,10,invoice_parsing,"amount,client,service",clean,
company_030,company,bank_002,company_profile.json,json,companies/company_030/company_profile.json,1,company_seed_profile,"registration,tax_id,contacts",clean,
company_030,company,bank_002,bank_statement_enterprise.pdf,pdf,companies/company_030/bank_statement_enterprise.pdf,2,enterprise_statement,"credits,debits,balance",clean,
company_030,company,bank_002,sales_register.xlsx,xlsx,companies/company_030/sales_register.xlsx,3,sales_excel,"dates,amounts,clients",clean,
company_030,company,bank_002,purchase_register.xlsx,xlsx,companies/company_030/purchase_register.xlsx,4,purchase_excel,"dates,amounts,suppliers",clean,
company_030,company,bank_002,supplier_contract.pdf,pdf,companies/company_030/supplier_contract.pdf,5,contract_parsing,"counterparty,activity,city",clean,
company_030,company,bank_002,ocr_scan.png,png,companies/company_030/ocr_scan.png,6,ocr_enterprise,"registration_number,tax_id,leader",clean,
company_030,company,bank_002,asset_statement.pdf,pdf,companies/company_030/asset_statement.pdf,7,enterprise_asset_pdf,"asset_type,estimated_value,proof_mode",clean,
company_030,company,bank_002,fixed_assets_register.xlsx,xlsx,companies/company_030/fixed_assets_register.xlsx,8,enterprise_asset_excel,"asset_type,estimated_value,depreciation",clean,
company_030,company,bank_002,invoice_01.pdf,pdf,companies/company_030/invoice_01.pdf,9,invoice_parsing,"amount,client,service",clean,
company_030,company,bank_002,invoice_02.pdf,pdf,companies/company_030/invoice_02.pdf,10,invoice_parsing,"amount,client,service",clean,
company_030,company,bank_002,invoice_03.pdf,pdf,companies/company_030/invoice_03.pdf,11,invoice_parsing,"amount,client,service",clean,
company_030,company,bank_002,invoice_04.pdf,pdf,companies/company_030/invoice_04.pdf,12,invoice_parsing,"amount,client,service",clean,
bank_001,bank,bank_001,bank_profile.json,json,banks/bank_001/bank_profile.json,1,bank_seed_profile,"institution_code,address,city",clean,
bank_001,bank,bank_001,institution_sheet.pdf,pdf,banks/bank_001/institution_sheet.pdf,2,bank_profile_pdf,"bank_name,address,zones",clean,
bank_001,bank,bank_001,credit_products.pdf,pdf,banks/bank_001/credit_products.pdf,3,product_catalog,"products,rates,duration",clean,
bank_001,bank,bank_001,coverage_note.pdf,pdf,banks/bank_001/coverage_note.pdf,4,regional_coverage_note,"zones,city",clean,
bank_001,bank,bank_001,portfolio_snapshot.xlsx,xlsx,banks/bank_001/portfolio_snapshot.xlsx,5,portfolio_excel,"clients,companies,risk",clean,
bank_002,bank,bank_002,bank_profile.json,json,banks/bank_002/bank_profile.json,1,bank_seed_profile,"institution_code,address,city",clean,
bank_002,bank,bank_002,institution_sheet.pdf,pdf,banks/bank_002/institution_sheet.pdf,2,bank_profile_pdf,"bank_name,address,zones",clean,
bank_002,bank,bank_002,credit_products.pdf,pdf,banks/bank_002/credit_products.pdf,3,product_catalog,"products,rates,duration",clean,
bank_002,bank,bank_002,coverage_note.pdf,pdf,banks/bank_002/coverage_note.pdf,4,regional_coverage_note,"zones,city",clean,
bank_002,bank,bank_002,portfolio_snapshot.xlsx,xlsx,banks/bank_002/portfolio_snapshot.xlsx,5,portfolio_excel,"clients,companies,risk",clean,
bank_003,bank,bank_003,bank_profile.json,json,banks/bank_003/bank_profile.json,1,bank_seed_profile,"institution_code,address,city",clean,
bank_003,bank,bank_003,institution_sheet.pdf,pdf,banks/bank_003/institution_sheet.pdf,2,bank_profile_pdf,"bank_name,address,zones",clean,
bank_003,bank,bank_003,credit_products.pdf,pdf,banks/bank_003/credit_products.pdf,3,product_catalog,"products,rates,duration",clean,
bank_003,bank,bank_003,coverage_note.pdf,pdf,banks/bank_003/coverage_note.pdf,4,regional_coverage_note,"zones,city",clean,
bank_003,bank,bank_003,portfolio_snapshot.xlsx,xlsx,banks/bank_003/portfolio_snapshot.xlsx,5,portfolio_excel,"clients,companies,risk",clean,
